HEB_01_001,1.42771585426718,0.989440337909186,1.08491728264695,1.02455121436114,0.2749032030975,0.946585709257303,0.283526927138331,0.498064061950017,0.922386483632523,0.429162266807462,0.552094332981344,0.342485040478704,0.41939457937346,0.182506159802886,0.274903203097501,0.2749032030975,0.2749032030975,0.274903203097501,0.346180922210489,0.542150651179162,0.546990496304118,0.2749032030975,0.2749032030975,0.274903203097501,0.2749032030975,0.2749032030975,0.274903203097501,0.2749032030975,0.676610348468849,1.10647659274903,0.2749032030975,0.799190425906371,0.799190425906371,0.62917986624428,1.03792678634284,1.03748680042239,0.931010207673354,0.957585357268567,1.18611404435058,0.534934882083773,0.875395987328405,1.34142907426962,1.23099260823654,0.96031326997536,0.274903203097501,0.756775783174938,0.957585357268567,0.433298134459697,0.957585357268567,0.433298134459697,0.957585357268567,0.2749032030975,0.957585357268567,0.255719816965857,0.76610348468849,0.813797958465329,0.76610348468849,0.2749032030975,0.493928194297782,0.274903203097501,0.791622668074621,0.844684970080957,0.227560718057022,0.788190777895107,0.216121084125308,0.25844772967265,0.271471312917986,0.271471312917986,0.261879619852164,0.25844772967265,0.509503695881731,0.903995072157691,0.578581485392467,0.7660154875044,0.280359028511087,0.97632875747976,0.965681098204857,0.413498768039422,0.25043998592045,1.14114748328053,0.915082717353044,0.906195001759943,0.711017247448081,0.935322069693769,0.917458641323478,0.643083421330517,0.274903203097501,0.2749032030975,0.2749032030975,0.271471312917986,0.5809574093629,0.719640971488912,0.957585357268567,0.18532206969377,0.70168954593453,0.274903203097501,0.415610700457585,0.437521999296022,0.264343541006687,0.388595564941921,0.517775431186202,0.428282294966561,0.388595564941921,0.2749032030975,0.738472368884195,0.404611052446321,0.14510735656459,0.596268919394579,0.41182682154171,0.221840901091165,0.964977120732136,0.612724392819429,0.997536078845477,0.515399507215769,0.667194649771207,0.558782118972193,0.747624076029567,1.04153467089053,0.627243928194298,0.553590285110876
HEB_01_003,0.989440337909186,1.1442355681251,0.591253079901443,0.889915522703273,0.414818725800774,0.474040830693417,0.317845828933474,0.637979584653291,0.428722280887011,0.526839141147483,0.0584301302358323,0.313445969728968,0.221400915170714,0.322421682506159,0.414818725800774,0.414818725800774,0.414818725800774,0.414818725800774,0.317141851460753,0.682066173882435,0.686906019007391,0.414818725800774,0.414818725800774,0.414818725800774,0.414818725800774,0.414818725800774,0.414818725800774,0.414818725800774,0.510295670538542,0.781766983456529,0.414818725800774,0.939105948609644,0.939105948609644,0.769095388947553,0.713217177050334,0.712777191129883,1.07092573037663,1.09750087997184,0.967001055966209,0.527015135515663,0.793558606124603,0.890003519887363,0.948521647307285,1.04743048222457,0.414818725800774,0.896691305878211,1.09750087997184,0.57321365716297,1.09750087997184,0.57321365716297,1.09750087997184,0.414818725800774,1.09750087997184,0.39563533966913,0.906019007391763,0.953713481168602,0.906019007391763,0.414818725800774,0.633843717001056,0.414818725800774,0.889299542414642,0.942361844420978,0.325237592397043,0.885867652235128,0.313797958465329,0.398363252375924,0.41138683562126,0.41138683562126,0.401795142555438,0.398363252375924,0.469904963041182,1.04391059486096,0.71849700809574,0.399067229848644,0.388595564941922,1.07400563181978,0.598732840549102,0.553414290742696,0.337557198169658,0.922034494896163,1.05499824005632,1.04611052446322,0.787574797606476,0.885163674762407,0.423794438577965,0.782998944033791,0.414818725800774,0.414818725800774,0.414818725800774,0.41138683562126,0.720872932066173,0.859556494192185,1.09750087997184,0.325237592397043,0.440337909186906,0.414818725800774,0.428810278071101,0.471840901091165,0.404259063709961,0.528511087645195,0.509855684618092,0.335885251671946,0.528511087645195,0.414818725800774,0.37152411122844,0.523407250967969,0.285022879267863,0.102604716649067,0.43558606124604,0.361756423794438,0.598028863076381,0.752639915522703,0.630587821189721,0.148451249560014,0.300246392115452,0.698697641675466,0.47571277719113,0.674586413234776,0.260295670538542,0.186642027455121
HEB_01_004,1.08491728264696,0.591253079901443,1.12893029446016,0.753079901443154,0.510295670538542,0.928546286518831,0.518919394579373,0.543382611756423,0.904347060894051,0.485040478704681,0.787486800422386,0.577877507919746,0.654787046814501,0.417898627243928,0.510295670538542,0.510295670538542,0.510295670538542,0.510295670538542,0.528775079197465,0.439633931714185,0.402235128475889,0.510295670538542,0.510295670538542,0.510295670538542,0.510295670538542,0.510295670538542,0.510295670538542,0.510295670538542,0.679690249912003,0.835005279831045,0.510295670538542,0.527719112988384,0.527719112988384,0.537222808870116,0.829813445969729,0.87161210841253,0.53282294966561,0.559398099260823,0.787926786342837,0.453537486800422,0.646163322773671,0.985480464625132,0.832805350228792,0.562126011967617,0.510295670538542,0.590901091165082,0.559398099260823,0.541974656810982,0.559398099260823,0.541974656810982,0.559398099260823,0.510295670538542,0.559398099260823,0.469992960225272,0.557990144315382,0.605684618092221,0.557990144315382,0.510295670538542,0.507567757831749,0.510295670538542,0.477912706793382,0.562653995072157,0.462953185498064,0.474480816613868,0.45151355156635,0.493840197113692,0.506863780359028,0.506863780359028,0.497272087293206,0.493840197113692,0.586501231960577,0.537486800422386,0.539422738472369,0.906370996128124,0.515751495952129,0.578141499472016,0.842045054558254,0.522175290390707,0.485832453361492,0.742960225272791,0.559134107708553,0.5080077437522,0.376187961985216,0.537134811686026,0.84662090813094,0.413850756775783,0.510295670538542,0.510295670538542,0.510295670538542,0.506863780359028,0.562917986624427,0.553766279479056,0.559398099260823,0.420714537134811,0.768127419922562,0.510295670538542,0.608764519535374,0.503959873284055,0.415258711721225,0.455033438929954,0.584213305174234,0.663674762407603,0.455033438929954,0.510295670538542,0.889387539598732,0.471048926434354,0.380499824005631,0.831661386835621,0.499384019711369,0.457233368532207,0.820221752903907,0.4679690249912,0.852780711017247,0.750791974656811,0.849788806758183,0.54074269623372,0.803502287926786,0.896779303062302,0.862636395635339,0.788982752551918
HEB_01_005,1.02455121436114,0.889915522703273,0.753079901443154,1.10949925137248,0.449929602252728,0.773143259415698,0.405755015839493,0.58861316437874,0.738384371700105,0.477472720872932,0.368092221048926,0.433034142907427,0.414906722984864,0.368092221048926,0.449929602252728,0.449929602252728,0.449929602252728,0.449929602252728,0.33113340373108,0.548222456881379,0.468585005279831,0.449929602252728,0.449929602252728,0.449929602252728,0.449929602252728,0.449929602252728,0.449929602252728,0.449929602252728,0.672122492080253,1.00695177754312,0.449929602252728,0.974216825061598,0.974216825061598,0.656370996128124,0.811686026047166,0.684530095036958,0.852604716649067,0.87917986624428,0.896515311510031,0.636043646603308,0.934266103484688,0.925114396339317,0.909714889123548,0.850228792678634,0.449929602252728,0.678370292150651,0.87917986624428,0.35489264343541,0.87917986624428,0.35489264343541,0.87917986624428,0.449929602252728,0.87917986624428,0.430746216121084,0.687697993664202,0.735392467441041,0.687697993664202,0.449929602252728,0.542238648363252,0.449929602252728,0.861052446321717,0.956353396691305,0.381467793030623,0.857620556142203,0.370028159098908,0.433474128827877,0.446497712073213,0.446497712073213,0.436906019007391,0.433474128827877,0.325501583949313,0.888947553678282,0.753607884547694,0.455297430482224,0.434266103484688,0.876803942273847,0.845036958817317,0.335093277015135,0.393787398803238,0.851548750439986,0.836677226328757,0.827789510735656,0.611492432242168,0.751319957761351,0.627859908482928,0.680834213305174,0.449929602252728,0.449929602252728,0.449929602252728,0.446497712073213,0.502551918338613,0.641235480464625,0.87917986624428,0.360348468848996,0.390971488912354,0.449929602252728,0.527279127067933,0.549190425906371,0.439369940161914,0.563621964097149,0.608324533614924,0.476592749032031,0.563621964097149,0.449929602252728,0.617828229496656,0.569077789510735,0.320133755719817,0.412266807462161,0.280623020063358,0.396867300246392,0.590901091165082,0.534318901795142,0.623460049278423,0.394755367828229,0.440953889475536,0.733808518127419,0.574181626187962,0.667458641323477,0.506599788806758,0.432946145723336
HEB_01_013,0.2749032030975,0.414818725800774,0.510295670538542,0.449929602252728,0.941939777075362,0.350844772967265,0.722632875747976,0.683738120380147,0.305526223160859,0.593717001055966,0.442097852868708,0.739352340725096,0.626187961985216,0.748328053502287,0.840725096796902,0.840725096796902,0.840725096796902,0.840725096796902,0.63745160154875,0.432154171066525,0.352516719464977,0.840725096796902,0.840725096796902,0.840725096796902,0.840725096796902,0.840725096796902,0.840725096796902,0.840725096796902,0.629971840901091,0.320661738824357,0.840725096796902,0.520239352340725,0.520239352340725,0.624780007039774,0.37882787750792,0.293910594860964,0.398627243928194,0.425202393523407,0.273583245336149,0.467177050334389,0.448609644491376,0.21770503343893,0.255103836677226,0.364572333685322,0.840725096796902,0.520063357972545,0.425202393523407,0.745688137979584,0.425202393523407,0.745688137979584,0.425202393523407,0.840725096796902,0.425202393523407,0.779303062302006,0.444913762759591,0.49260823653643,0.444913762759591,0.840725096796902,0.616244280183034,0.840725096796902,0.385955649419218,0.502375923970433,0.751143963393171,0.382523759239704,0.739704329461457,0.824269623372051,0.837293206617388,0.837293206617388,0.827701513551566,0.824269623372051,0.568461809222104,0.434970080957409,0.595300950369588,0.592661034846884,0.803942273847236,0.401707145371348,0.433298134459697,0.72588877155931,0.752903907074973,0.228616684266103,0.424938401971136,0.373812038014783,0.220872932066174,0.191745864132348,0.279479056670186,0.364132347764871,0.840725096796902,0.840725096796902,0.840725096796902,0.837293206617388,0.639915522703273,0.567405843013023,0.425202393523407,0.751143963393171,0.507215769095389,0.840725096796902,0.770239352340725,0.707673354452657,0.745688137979584,0.785462865188313,0.745688137979584,0.740672298486448,0.785462865188313,0.840725096796902,0.670714537134811,0.780359028511087,0.710929250263991,0.486272439281943,0.555262231608588,0.787662794790566,0.221400915170714,0.418250615980288,0.253959873284055,0.532118972192889,0.578317493840197,0.617740232312565,0.510911650827173,0.297958465329109,0.643963393171418,0.570309750087997
HEB_01_021,0.946585709257304,0.474040830693418,0.928546286518831,0.773143259415698,0.350844772967265,1.77414739643986,0.993048222456881,0.489528335093277,1.46295318549806,0.948609644491376,1.53616684266103,0.650739176346356,1.42458641323478,0.723072861668426,0.350844772967265,0.350844772967265,0.350844772967265,0.350844772967265,1.09794086589229,1.33614924322422,0.960841253079901,0.350844772967265,0.350844772967265,0.350844772967265,0.350844772967265,0.350844772967265,0.350844772967265,0.350844772967265,0.456881379795846,0.844508975712777,0.350844772967265,0.537222808870116,0.537222808870116,0.388331573389651,0.649243224216825,0.817757831749384,0.415610700457585,0.442185850052798,0.670714537134811,0.969904963041182,1.01469552974305,0.84714889123548,0.705033438929954,0.444913762759591,0.350844772967265,0.537046814501935,0.442185850052798,0.255807814149947,0.442185850052798,0.255807814149947,0.442185850052798,0.350844772967265,0.442185850052798,0.289422738472369,0.461897219288982,0.509591693065821,0.461897219288982,0.350844772967265,0.379795846532911,0.350844772967265,1.07875747976065,0.582717353044702,0.852604716649067,1.09644491376276,0.925642379443858,0.35550862372404,0.368532206969377,0.368532206969377,0.337821189721929,0.35550862372404,0.332013375571981,0.4519535374868,0.612284406898979,0.651883139739528,0.356300598380852,0.460929250263991,0.703713481168602,0.236008447729672,0.326381555790214,0.625747976064766,0.441921858500528,0.390795494544174,0.670802534318901,1.32805350228793,1.62697993664203,0.676786342837029,0.350844772967265,0.350844772967265,0.350844772967265,0.368532206969377,0.40346708905315,0.373196057726153,0.442185850052798,0.28238296374516,0.524199225624779,0.350844772967265,0.512671594508975,0.344508975712777,0.255807814149947,0.295582541358676,0.424762407602956,0.504223864836325,0.295582541358676,0.350844772967265,0.729936642027455,0.311598028863076,0.68567405843013,1.15795494544175,0.688401971136923,0.656810982048574,0.787486800422386,0.435234072509679,0.820045758535726,0.591341077085533,0.63753959873284,0.634723688841957,0.7179690249912,0.864044350580781,0.703185498064062,0.62953185498064
HEB_01_022,0.283526927138331,0.317845828933474,0.518919394579373,0.405755015839493,0.722632875747976,0.993048222456881,1.27439693894527,0.565645899331221,0.662618796198521,0.729056670186554,1.08430130235832,0.747976064765927,1.20503343892995,0.947025695177754,0.722632875747976,0.722632875747976,0.722632875747976,0.722632875747976,1.02622316085885,0.926522351284758,0.699049630411826,0.722632875747976,0.722632875747976,0.722632875747976,0.722632875747976,0.722632875747976,0.722632875747976,0.722632875747976,0.575237592397043,0.329285462865188,0.722632875747976,0.402147131291798,0.402147131291798,0.506687785990848,0.38745160154875,0.302534318901795,0.280535022879267,0.30711017247448,0.155491024287222,0.75035198873636,0.562829989440338,0.22632875747976,0.200369588173178,0.309838085181274,0.722632875747976,0.401971136923618,0.30711017247448,0.627595916930658,0.30711017247448,0.627595916930658,0.30711017247448,0.722632875747976,0.30711017247448,0.661210841253079,0.326821541710665,0.374516015487504,0.326821541710665,0.722632875747976,0.498152059134107,0.722632875747976,0.605772615276311,0.405403027103132,0.907602956705385,0.623460049278423,0.959521295318549,0.727296726504751,0.740320309750088,0.740320309750088,0.70960929250264,0.727296726504751,0.513727560718057,0.316877859908483,0.477208729320661,0.601284758887715,0.68585005279831,0.283614924322421,0.441921858500528,0.607796550510383,0.698169658570925,0.237240408306934,0.30684618092221,0.255719816965857,0.41957057374164,0.707233368532207,0.921682506159803,0.457233368532207,0.722632875747976,0.722632875747976,0.722632875747976,0.740320309750088,0.521823301654347,0.449313621964097,0.30711017247448,0.654171066525871,0.515839493136219,0.722632875747976,0.673266455473424,0.589581133403731,0.627595916930658,0.667370644139387,0.627595916930658,0.6859380499824,0.667370644139387,0.722632875747976,0.679338261175642,0.662266807462161,1.03634283702921,0.959521295318549,0.880675818373812,0.796286518831397,0.230024639211545,0.300158394931362,0.262583597324885,0.54074269623372,0.586941217881027,0.499648011263639,0.519535374868004,0.30658218936994,0.652587117212249,0.578933474128828
HEB_01_023,0.498064061950017,0.637979584653291,0.543382611756423,0.58861316437874,0.683738120380147,0.489528335093277,0.565645899331221,0.912127765762768,0.44420978528687,0.605684618092221,0.285110876451953,0.582365364308342,0.469200985568461,0.591341077085533,0.683738120380147,0.683738120380147,0.683738120380147,0.683738120380147,0.501583949313622,0.655315029919042,0.575677578317494,0.683738120380147,0.683738120380147,0.683738120380147,0.683738120380147,0.683738120380147,0.683738120380147,0.683738120380147,0.472984864484336,0.459345300950369,0.683738120380147,0.658922914466737,0.658922914466737,0.678986272439282,0.411914818725801,0.517071453713481,0.621788102780711,0.648363252375923,0.496744104188666,0.394667370644139,0.502815909890883,0.440865892291446,0.478264695529743,0.587733192537839,0.683738120380147,0.743224216825061,0.648363252375923,0.673178458289334,0.648363252375923,0.673178458289334,0.648363252375924,0.683738120380147,0.648363252375923,0.622316085885251,0.668074621612108,0.715769095388947,0.668074621612108,0.683738120380147,0.649331221400915,0.683738120380147,0.609116508271735,0.641059486096444,0.594156986976416,0.605684618092221,0.582717353044702,0.667282646955297,0.680306230200633,0.680306230200633,0.670714537134811,0.667282646955297,0.559310102076733,0.658130939809926,0.7339845124956,0.520151355156635,0.646955297430482,0.624868004223864,0.381907778951073,0.65337909186906,0.595916930658219,0.45177754311862,0.648099260823653,0.5969728968673,0.359556494192185,0.414906722984864,0.291446673706441,0.523935234072509,0.683738120380147,0.683738120380147,0.683738120380147,0.680306230200633,0.736360436466032,0.684970080957409,0.648363252375924,0.594156986976416,0.519183386131643,0.683738120380147,0.697729672650475,0.550686378035902,0.58870116156283,0.628475888771559,0.58870116156283,0.583685322069693,0.628475888771559,0.683738120380147,0.513727560718057,0.623372052094333,0.553942273847236,0.329285462865188,0.524991200281591,0.630675818373812,0.444561774023231,0.641411474832805,0.477120732136571,0.375131995776135,0.442449841605069,0.756423794438577,0.522879267863428,0.521119324181626,0.486976416754664,0.413322773671242
HEB_01_025,0.922386483632524,0.428722280887011,0.904347060894051,0.738384371700105,0.305526223160859,1.46295318549806,0.662618796198521,0.444209785286871,1.59381134586591,0.713217177050334,1.36413234776487,0.584301302358324,0.956881379795846,0.456001407954945,0.305526223160858,0.305526223160859,0.305526223160859,0.305526223160858,0.799190425906371,0.84732488560366,0.704329461457233,0.305526223160859,0.305526223160859,0.305526223160858,0.305526223160859,0.305526223160859,0.305526223160858,0.305526223160859,0.559398099260823,1.09486096444914,0.305526223160859,0.49190425906371,0.49190425906371,0.343013023583245,0.899595212953185,1.1948257655755,0.497008095740936,0.396867300246392,0.878827877507919,0.914026751143963,0.821541710665258,1.11862020415347,0.923706441393875,0.568549806406195,0.305526223160858,0.491728264695529,0.396867300246392,0.210489264343541,0.396867300246392,0.210489264343541,0.396867300246392,0.305526223160859,0.396867300246392,0.413058782118972,0.585533262935586,0.464273143259415,0.585533262935586,0.305526223160859,0.545670538542766,0.305526223160858,0.737768391411474,0.526839141147483,0.56441393875396,0.744896163322773,0.584653291094685,0.341869060190074,0.312653995072158,0.312653995072158,0.334741288278775,0.341869060190074,0.709081309398099,0.469992960225272,0.651443153819078,0.775519183386131,0.437697993664202,0.478968673002464,0.954065469904963,0.275167194649771,0.555614220344949,1.00281590989088,0.459961281239,0.55667018655403,0.836677226328757,0.987064413938753,1.22263287574798,0.610348468848996,0.305526223160858,0.305526223160859,0.305526223160859,0.312653995072157,0.358148539246744,0.327877507919747,0.396867300246392,0.522175290390707,0.837909186906019,0.305526223160858,0.456793382611756,0.46814501935938,0.463921154523055,0.25026399155227,0.37944385779655,0.606740584301302,0.25026399155227,0.305526223160859,0.726856740584301,0.26627947905667,0.429162266807462,1.21823301654347,0.569165786694825,0.389739528335093,1.1645547342485,0.791182682154171,1.07039774727209,0.947289686730024,0.951249560014079,0.58940513903555,0.968321013727561,1.2411122844069,0.91129883843717,1.00659978880676
HEB_01_030,0.429162266807462,0.526839141147483,0.485040478704681,0.477472720872932,0.593717001055966,0.948609644491376,0.729056670186554,0.605684618092221,0.713217177050334,1.17524538346365,0.786430834213305,0.788014783526927,0.970520943329813,0.775871172122491,0.593717001055966,0.593717001055966,0.593717001055966,0.593717001055966,1.08738120380148,1.00879971840901,0.739088349172826,0.593717001055966,0.593717001055966,0.593717001055966,0.593717001055966,0.593717001055966,0.593717001055966,0.593717001055966,0.382963745160154,0.327085533262935,0.593717001055966,0.526663146779303,0.526663146779303,0.557286166842661,0.311334037310806,0.469288982752551,0.574005631819781,0.537222808870116,0.448961633227736,0.853748680042238,0.877419922562477,0.329725448785639,0.367124252023935,0.476592749032031,0.593717001055966,0.632083773319253,0.537222808870116,0.604276663146779,0.537222808870116,0.604276663146779,0.537222808870116,0.593717001055966,0.537222808870116,0.53229496656107,0.5569341781063,0.604628651883139,0.5569341781063,0.593717001055966,0.612108412530799,0.593717001055966,1.00483984512496,0.561598028863076,1.03211897219289,1.00140795494544,1.08403731080605,0.577261527631115,0.590285110876452,0.590285110876452,0.58069341781063,0.577261527631115,0.522087293206617,0.546990496304118,0.633403731080605,0.41957057374164,0.620292150651179,0.545406546990496,0.291886659626892,0.616156282998944,0.505895811334037,0.403995072157691,0.568637803590285,0.549190425906371,0.628563885955649,0.958465329109468,0.835005279831045,0.676786342837029,0.593717001055966,0.593717001055966,0.593717001055966,0.590285110876452,0.625219992960225,0.573829637451601,0.537222808870116,0.504135867652235,0.439721928898275,0.593717001055966,0.565469904963041,0.460665258711721,0.498680042238648,0.538454769447377,0.498680042238648,0.493664202745512,0.538454769447377,0.593717001055966,0.423706441393875,0.533350932770151,0.54839845124956,0.408218936994016,0.582805350228792,0.878563885955649,0.396779303062302,0.593629003871876,0.429338261175642,0.337909186906019,0.415786694825765,0.624164026751144,0.443417810630059,0.473336853220697,0.396955297430482,0.386659626891939
HEB_01_031,0.552094332981344,0.0584301302358323,0.787486800422386,0.368092221048926,0.442097852868708,1.53616684266103,1.08430130235832,0.285110876451953,1.36413234776487,0.786430834213305,2,0.910946849700809,1.53695881731785,0.993840197113692,0.442097852868708,0.442097852868708,0.442097852868708,0.442097852868708,1.21031326997536,1.00501583949314,0.925378387891587,0.442097852868708,0.442097852868708,0.442097852868708,0.442097852868708,0.442097852868708,0.442097852868708,0.442097852868708,0.695969728968672,0.724568813797958,0.442097852868708,0.121612108412531,0.121612108412531,0.22615276311158,0.782734952481521,0.697817669834565,0,0.0265751495952129,0.381819781766983,1.20899331221401,0.704681450193593,0.748328053502288,0.553414290742696,0.198257655755016,0.442097852868708,0.12143611404435,0.0265751495952129,0.34706089405139,0.0265751495952129,0.34706089405139,0.0265751495952129,0.442097852868708,0.0265751495952129,0.549630411826821,0.215241112284407,0.0939809926082363,0.215241112284407,0.442097852868708,0.302094332981344,0.442097852868708,0.663146779303062,0.167106652587117,0.94385779655051,0.680834213305174,1.0168954593453,0.489000351988736,0.45978528687082,0.45978528687082,0.471312917986624,0.489000351988736,0.655579021471313,0.036342837029215,0.21779303062302,0.912090813093981,0.447553678282295,0.0453185498064061,0.879443857796551,0.348380851812741,0.692185850052798,0.505807814149947,0.0263111580429426,0.059662090813094,0.941569869764167,1.1236360436466,1.86606828581485,0.683562126011967,0.442097852868708,0.442097852868708,0.442097852868708,0.45978528687082,0.241288278775079,0.168778599084829,0.0265751495952129,0.66930658218937,0.826645547342484,0.442097852868708,0.519447377683914,0.60471664906723,0.600492784230904,0.386835621260119,0.516015487504399,0.743312214009151,0.386835621260119,0.442097852868708,0.86342837029215,0.402851108764519,1.15707497360084,1.94614572333685,1.1281239000352,0.748064061950017,1.04769447377684,0.294174586413234,0.953537486800422,1.35841253079901,1.02446321717705,0.324709609292502,0.851460753255895,0.744104188665963,1.04787046814502,1.17485040478705
HEB_01_032,0.342485040478704,0.313445969728968,0.577877507919746,0.433034142907427,0.739352340725096,0.650739176346356,0.747976064765927,0.582365364308342,0.584301302358324,0.788014783526926,0.910946849700809,1.23580103144236,0.904963041182682,0.87926786342837,0.739352340725096,0.739352340725096,0.739352340725096,0.739352340725096,0.958465329109468,0.541974656810982,0.58905315029919,0.739352340725096,0.739352340725096,0.739352340725096,0.739352340725096,0.739352340725096,0.739352340725096,0.739352340725096,0.528599084829285,0.219288982752552,0.739352340725096,0.418866596268919,0.418866596268919,0.523407250967969,0.277455121436114,0.192537838789158,0.297254487856388,0.323829637451601,0.172210489264343,0.76707145371348,0.727384723688841,0.243048222456881,0.217089053150299,0.263199577613516,0.739352340725096,0.418690601900739,0.323829637451601,0.644315381907779,0.323829637451601,0.644315381907779,0.323829637451601,0.739352340725096,0.323829637451601,0.6779303062302,0.343541006687786,0.391235480464625,0.343541006687786,0.739352340725096,0.514871524111228,0.739352340725096,0.580253431890179,0.443241816261879,0.945441745864132,0.576821541710665,0.934002111932417,0.722896867300246,0.735920450545582,0.735920450545582,0.72632875747976,0.722896867300246,0.467089053150299,0.333597324885603,0.493928194297782,0.533526927138331,0.723688841957057,0.342573037662794,0.374164026751143,0.624516015487504,0.651531151003167,0.127243928194298,0.323565645899331,0.272439281942978,0.647483280535022,0.681714185146075,0.885603660682858,0.727384723688842,0.739352340725096,0.739352340725096,0.739352340725096,0.735920450545582,0.538542766631467,0.466033086941218,0.323829637451601,0.702569517775431,0.458641323477648,0.739352340725096,0.668866596268919,0.648539246744104,0.644315381907779,0.684090109116508,0.686554030271031,0.660418866596269,0.684090109116508,0.739352340725096,0.611580429426258,0.700105596620908,0.936906019007391,0.870644139387539,0.791798662442801,0.813005983808518,0.50017599436818,0.422474480816614,0.53273495248152,0.810894051390355,0.519183386131643,0.548046462513199,0.409538894755367,0.238824357620556,0.584829285462865,0.66957057374164
HEB_01_033,0.41939457937346,0.221400915170714,0.654787046814502,0.414906722984864,0.626187961985216,1.42458641323478,1.20503343892995,0.469200985568461,0.956881379795846,0.970520943329813,1.53695881731785,0.904963041182682,1.51182831475628,0.998416050686377,0.626187961985216,0.626187961985216,0.626187961985216,0.626187961985216,1.35216473072862,1.10462865188314,0.729320661738824,0.626187961985216,0.626187961985216,0.626187961985216,0.626187961985216,0.626187961985216,0.626187961985216,0.626187961985216,0.563269975360788,0.359556494192185,0.626187961985216,0.305702217529039,0.305702217529039,0.410242872228088,0.417722632875748,0.332805350228792,0.184090109116508,0.210665258711721,0.228000703977472,1.07629355860612,0.793734600492784,0.341077085533263,0.251759943681802,0.192273847236888,0.626187961985216,0.305526223160859,0.210665258711721,0.531151003167898,0.210665258711721,0.531151003167898,0.210665258711721,0.626187961985216,0.210665258711721,0.56476592749032,0.230376627947905,0.278071101724745,0.230376627947905,0.626187961985216,0.401707145371348,0.626187961985216,0.84723688841957,0.351196761703625,1.12794790566702,0.864924322421682,1.20098556846181,0.630851812741992,0.643875395987328,0.643875395987328,0.61316437873988,0.630851812741992,0.459521295318549,0.220432946145723,0.380763815557902,0.673794438577965,0.62108412530799,0.229408658922914,0.514431538190777,0.511351636747624,0.58060542062654,0.204153467089053,0.210401267159451,0.159274903203097,0.534318901795142,1.0542942625836,1.3532206969377,0.487504399859204,0.626187961985216,0.626187961985216,0.626187961985216,0.643875395987328,0.425378387891587,0.352868708201337,0.210665258711721,0.578845476944737,0.503871876099964,0.626187961985216,0.640179514255543,0.577613516367476,0.531151003167898,0.570925730376628,0.636747624076029,0.673970432946145,0.570925730376628,0.626187961985216,0.751847940865892,0.586941217881027,0.961017247448081,1.15874692009856,0.87926786342837,0.932154171066525,0.302534318901795,0.224832805350228,0.324533614924322,0.61325237592397,0.659450897571277,0.40320309750088,0.518127419922562,0.37909186906019,0.725096796902499,0.651443153819077
HEB_01_038,0.182506159802886,0.322421682506159,0.417898627243928,0.368092221048926,0.748328053502287,0.723072861668426,0.947025695177754,0.591341077085533,0.456001407954945,0.775871172122491,0.993840197113692,0.87926786342837,0.998416050686377,1.07369821993013,0.748328053502287,0.748328053502287,0.748328053502287,0.748328053502287,0.946321717705033,0.825501583949313,0.809222104892643,0.748328053502287,0.748328053502287,0.748328053502287,0.748328053502287,0.748328053502287,0.748328053502287,0.748328053502287,0.537574797606476,0.228264695529743,0.748328053502287,0.42784230904611,0.42784230904611,0.53238296374516,0.286430834213305,0.20151355156635,0.306230200633579,0.332805350228792,0.181186202041534,0.723248856036606,0.567405843013023,0.125307990144315,0.162706793382612,0.272175290390707,0.748328053502287,0.42766631467793,0.332805350228792,0.65329109468497,0.332805350228792,0.65329109468497,0.332805350228792,0.748328053502287,0.332805350228792,0.686906019007391,0.352516719464977,0.400211193241816,0.352516719464977,0.748328053502287,0.523847236888419,0.748328053502287,0.610348468848996,0.420538542766631,0.933298134459697,0.617476240760295,0.964097148891235,0.74243224216825,0.755455825413586,0.755455825413586,0.735304470256951,0.74243224216825,0.47606476592749,0.342573037662794,0.502903907074973,0.50026399155227,0.711545230552622,0.309310102076733,0.340901091165082,0.633491728264695,0.660506863780359,0.136219640971489,0.332541358676522,0.281414994720169,0.571981696585709,0.690689897923266,0.905139035550862,0.69412178810278,0.748328053502287,0.748328053502287,0.748328053502287,0.755455825413586,0.547518479408659,0.475008799718409,0.332805350228792,0.66930658218937,0.414818725800774,0.748328053502287,0.688401971136923,0.615276311158042,0.65329109468497,0.693065821893699,0.65329109468497,0.648275255191833,0.693065821893699,0.748328053502287,0.578317493840197,0.687961985216473,1.10427666314678,0.900739176346356,0.948609644491376,0.874780007039774,0.382435762055614,0.325853572685674,0.414994720168954,0.693153819077789,0.485920450545582,0.578141499472017,0.418514607532559,0.205561422034495,0.551566349876803,0.594068989792326
HEB_01_041,0.2749032030975,0.414818725800774,0.510295670538542,0.449929602252728,0.840725096796902,0.350844772967265,0.722632875747976,0.683738120380147,0.305526223160858,0.593717001055966,0.442097852868708,0.739352340725096,0.626187961985216,0.748328053502287,0.941939777075362,0.840725096796902,0.840725096796902,0.840725096796902,0.63745160154875,0.432154171066525,0.352516719464977,0.840725096796902,0.840725096796902,0.840725096796902,0.840725096796902,0.840725096796902,0.840725096796902,0.840725096796902,0.629971840901091,0.320661738824357,0.840725096796902,0.520239352340725,0.520239352340725,0.624780007039774,0.37882787750792,0.293910594860964,0.398627243928194,0.425202393523407,0.273583245336149,0.467177050334389,0.448609644491376,0.21770503343893,0.255103836677226,0.364572333685322,0.840725096796902,0.520063357972545,0.425202393523407,0.745688137979584,0.425202393523407,0.745688137979584,0.425202393523407,0.840725096796902,0.425202393523407,0.779303062302006,0.444913762759591,0.49260823653643,0.444913762759591,0.840725096796902,0.616244280183034,0.840725096796902,0.385955649419218,0.502375923970433,0.751143963393171,0.382523759239704,0.739704329461457,0.824269623372052,0.837293206617388,0.837293206617388,0.827701513551566,0.824269623372051,0.568461809222104,0.434970080957409,0.595300950369588,0.592661034846884,0.803942273847237,0.401707145371348,0.433298134459697,0.72588877155931,0.752903907074973,0.228616684266103,0.424938401971137,0.373812038014783,0.220872932066174,0.191745864132347,0.279479056670186,0.364132347764871,0.840725096796902,0.840725096796902,0.840725096796902,0.837293206617388,0.639915522703273,0.567405843013023,0.425202393523407,0.751143963393171,0.507215769095389,0.840725096796902,0.770239352340725,0.707673354452657,0.745688137979584,0.785462865188313,0.745688137979584,0.740672298486448,0.785462865188313,0.840725096796902,0.670714537134811,0.780359028511087,0.710929250263991,0.486272439281943,0.555262231608588,0.787662794790566,0.221400915170714,0.418250615980288,0.253959873284055,0.53211897219289,0.578317493840197,0.617740232312565,0.510911650827173,0.297958465329109,0.643963393171418,0.570309750087997
HEB_01_042,0.2749032030975,0.414818725800774,0.510295670538542,0.449929602252728,0.840725096796902,0.350844772967265,0.722632875747976,0.683738120380147,0.305526223160858,0.593717001055966,0.442097852868708,0.739352340725096,0.626187961985216,0.748328053502287,0.840725096796902,0.941939777075362,0.840725096796902,0.840725096796902,0.63745160154875,0.432154171066525,0.352516719464977,0.840725096796902,0.840725096796902,0.840725096796902,0.840725096796902,0.840725096796902,0.840725096796902,0.840725096796902,0.629971840901091,0.320661738824357,0.840725096796902,0.520239352340725,0.520239352340725,0.624780007039774,0.37882787750792,0.293910594860964,0.398627243928194,0.425202393523407,0.273583245336149,0.467177050334389,0.448609644491376,0.21770503343893,0.255103836677226,0.364572333685322,0.840725096796902,0.520063357972545,0.425202393523407,0.745688137979584,0.425202393523407,0.745688137979584,0.425202393523407,0.840725096796902,0.425202393523407,0.779303062302006,0.444913762759591,0.49260823653643,0.444913762759591,0.840725096796902,0.616244280183034,0.840725096796902,0.385955649419218,0.502375923970433,0.751143963393171,0.382523759239704,0.739704329461457,0.824269623372052,0.837293206617388,0.837293206617388,0.827701513551566,0.824269623372051,0.568461809222104,0.434970080957409,0.595300950369588,0.592661034846884,0.803942273847237,0.401707145371348,0.433298134459697,0.72588877155931,0.752903907074973,0.228616684266103,0.424938401971137,0.373812038014783,0.220872932066174,0.191745864132347,0.279479056670186,0.364132347764871,0.840725096796902,0.840725096796902,0.840725096796902,0.837293206617388,0.639915522703273,0.567405843013023,0.425202393523407,0.751143963393171,0.507215769095389,0.840725096796902,0.770239352340725,0.707673354452657,0.745688137979584,0.785462865188313,0.745688137979584,0.740672298486448,0.785462865188313,0.840725096796902,0.670714537134811,0.780359028511087,0.710929250263991,0.486272439281943,0.555262231608588,0.787662794790566,0.221400915170714,0.418250615980288,0.253959873284055,0.53211897219289,0.578317493840197,0.617740232312565,0.510911650827173,0.297958465329109,0.643963393171418,0.570309750087997
HEB_01_047,0.2749032030975,0.414818725800774,0.510295670538542,0.449929602252728,0.840725096796902,0.350844772967265,0.722632875747976,0.683738120380147,0.305526223160859,0.593717001055966,0.442097852868708,0.739352340725096,0.626187961985216,0.748328053502287,0.840725096796902,0.840725096796902,0.941939777075362,0.840725096796902,0.63745160154875,0.432154171066525,0.352516719464977,0.840725096796902,0.840725096796902,0.840725096796902,0.840725096796902,0.840725096796902,0.840725096796902,0.840725096796902,0.629971840901091,0.320661738824357,0.840725096796902,0.520239352340725,0.520239352340725,0.624780007039774,0.37882787750792,0.293910594860964,0.398627243928194,0.425202393523407,0.273583245336149,0.467177050334389,0.448609644491376,0.21770503343893,0.255103836677226,0.364572333685322,0.840725096796902,0.520063357972545,0.425202393523407,0.745688137979584,0.425202393523407,0.745688137979584,0.425202393523407,0.840725096796902,0.425202393523407,0.779303062302006,0.444913762759591,0.49260823653643,0.444913762759591,0.840725096796902,0.616244280183034,0.840725096796902,0.385955649419218,0.502375923970433,0.751143963393171,0.382523759239704,0.739704329461457,0.824269623372051,0.837293206617388,0.837293206617388,0.827701513551566,0.824269623372051,0.568461809222104,0.434970080957409,0.595300950369588,0.592661034846884,0.803942273847236,0.401707145371348,0.433298134459697,0.72588877155931,0.752903907074973,0.228616684266103,0.424938401971136,0.373812038014783,0.220872932066174,0.191745864132348,0.279479056670186,0.364132347764871,0.840725096796902,0.840725096796902,0.840725096796902,0.837293206617388,0.639915522703273,0.567405843013023,0.425202393523407,0.751143963393171,0.507215769095389,0.840725096796902,0.770239352340725,0.707673354452657,0.745688137979584,0.785462865188313,0.745688137979584,0.740672298486448,0.785462865188313,0.840725096796902,0.670714537134811,0.780359028511087,0.710929250263991,0.486272439281943,0.555262231608588,0.787662794790566,0.221400915170714,0.418250615980288,0.253959873284055,0.532118972192889,0.578317493840197,0.617740232312565,0.510911650827173,0.297958465329109,0.643963393171418,0.570309750087997
HEB_01_050,0.2749032030975,0.414818725800774,0.510295670538542,0.449929602252728,0.840725096796902,0.350844772967265,0.722632875747976,0.683738120380147,0.305526223160859,0.593717001055966,0.442097852868708,0.739352340725096,0.626187961985216,0.748328053502287,0.840725096796902,0.840725096796902,0.840725096796902,0.941939777075362,0.63745160154875,0.432154171066525,0.352516719464977,0.840725096796902,0.840725096796902,0.840725096796902,0.840725096796902,0.840725096796902,0.840725096796902,0.840725096796902,0.629971840901091,0.320661738824357,0.840725096796902,0.520239352340725,0.520239352340725,0.624780007039774,0.37882787750792,0.293910594860964,0.398627243928194,0.425202393523407,0.273583245336149,0.467177050334389,0.448609644491376,0.21770503343893,0.255103836677226,0.364572333685322,0.840725096796902,0.520063357972545,0.425202393523407,0.745688137979584,0.425202393523407,0.745688137979584,0.425202393523407,0.840725096796902,0.425202393523407,0.779303062302006,0.444913762759591,0.49260823653643,0.444913762759591,0.840725096796902,0.616244280183034,0.840725096796902,0.385955649419218,0.502375923970433,0.751143963393171,0.382523759239704,0.739704329461457,0.824269623372051,0.837293206617388,0.837293206617388,0.827701513551566,0.824269623372051,0.568461809222104,0.434970080957409,0.595300950369588,0.592661034846884,0.803942273847236,0.401707145371348,0.433298134459697,0.72588877155931,0.752903907074973,0.228616684266103,0.424938401971136,0.373812038014783,0.220872932066174,0.191745864132348,0.279479056670186,0.364132347764871,0.840725096796902,0.840725096796902,0.840725096796902,0.837293206617388,0.639915522703273,0.567405843013023,0.425202393523407,0.751143963393171,0.507215769095389,0.840725096796902,0.770239352340725,0.707673354452657,0.745688137979584,0.785462865188313,0.745688137979584,0.740672298486448,0.785462865188313,0.840725096796902,0.670714537134811,0.780359028511087,0.710929250263991,0.486272439281943,0.555262231608588,0.787662794790566,0.221400915170714,0.418250615980288,0.253959873284055,0.532118972192889,0.578317493840197,0.617740232312565,0.510911650827173,0.297958465329109,0.643963393171418,0.570309750087997
HEB_01_053,0.346180922210489,0.317141851460753,0.528775079197465,0.33113340373108,0.63745160154875,1.09794086589229,1.02622316085885,0.501583949313622,0.799190425906371,1.08738120380148,1.21031326997536,0.958465329109468,1.35216473072862,0.946321717705033,0.63745160154875,0.63745160154875,0.63745160154875,0.63745160154875,1.48095158875395,1.0525343189018,0.825061598028862,0.63745160154875,0.63745160154875,0.63745160154875,0.63745160154875,0.63745160154875,0.63745160154875,0.63745160154875,0.426698345652939,0.117388243576205,0.63745160154875,0.316965857092573,0.316965857092573,0.474304822245688,0.228352692713833,0.301830341429074,0.406546990496304,0.327525519183386,0.281502991904259,1.04531854980641,0.794438577965505,0.246744104188666,0.220784934882084,0.266895459345301,0.63745160154875,0.422386483632523,0.327525519183386,0.648011263639563,0.327525519183386,0.648011263639563,0.327525519183386,0.63745160154875,0.327525519183386,0.576029567053854,0.34723688841957,0.394931362196409,0.34723688841957,0.63745160154875,0.571365716297078,0.63745160154875,0.87961985216473,0.351900739176346,1.11809222104893,0.876187961985216,1.21224920802534,0.6209961281239,0.634019711369236,0.634019711369236,0.624428018303414,0.6209961281239,0.576381555790214,0.358412530799014,0.444825765575501,0.505543822597676,0.727384723688842,0.399067229848644,0.272263287574797,0.681010207673354,0.549630411826821,0.236536430834213,0.380059838085181,0.381731784582893,0.693417810630059,1.17115452305526,1.15329109468497,0.530447025695177,0.63745160154875,0.63745160154875,0.63745160154875,0.634019711369236,0.542238648363252,0.469728968673002,0.327525519183386,0.547870468145019,0.462337205209433,0.63745160154875,0.566965857092573,0.546638507567757,0.542414642731432,0.582189369940162,0.584653291094685,0.558518127419922,0.582189369940162,0.63745160154875,0.509679690249912,0.598204857444561,0.845564941921858,0.832101372756071,0.964449137627595,0.922298486448433,0.271559310102076,0.426170362548398,0.304118268215417,0.466121084125308,0.522879267863428,0.414466737064414,0.360436466033087,0.348116860260471,0.482928546286519,0.514871524111228
HEB_01_055,0.542150651179162,0.682066173882435,0.439633931714185,0.548222456881379,0.432154171066525,1.33614924322422,0.926522351284758,0.655315029919042,0.84732488560366,1.00879971840901,1.00501583949314,0.541974656810982,1.10462865188314,0.825501583949313,0.432154171066526,0.432154171066525,0.432154171066525,0.432154171066526,1.0525343189018,1.53778073531858,1.29558254135868,0.432154171066525,0.432154171066525,0.432154171066526,0.432154171066525,0.432154171066525,0.432154171066526,0.432154171066525,0.221400915170714,0.418954593453009,0.432154171066525,0.618532206969376,0.618532206969376,0.575237592397043,0.308166138683562,0.561158042942625,0.665874692009855,0.692449841605068,0.54083069341781,0.882259767687434,0.842573037662794,0.484952481520591,0.522351284758887,0.631819781766983,0.432154171066526,0.787310806054206,0.692449841605068,0.506071805702217,0.692449841605068,0.506071805702217,0.692449841605068,0.432154171066525,0.692449841605068,0.370732136571629,0.712161210841253,0.759855684618092,0.712161210841253,0.432154171066525,0.545582541358676,0.432154171066526,1.16006687785991,0.632347764871524,0.849436818021823,1.17775431186202,0.922474480816613,0.436818021823301,0.449841605068638,0.449841605068638,0.419130587821189,0.436818021823301,0.392203449489616,0.670538542766631,0.69359380499824,0.321365716297078,0.39537134811686,0.668954593453009,0.235920450545582,0.486272439281943,0.344332981344597,0.495864132347765,0.692185850052798,0.641059486096444,0.84714889123548,1.38824357620556,1.15918690601901,0.927050334389299,0.432154171066526,0.432154171066525,0.432154171066525,0.449841605068638,0.65373108060542,0.623460049278423,0.692449841605068,0.363692361844421,0.352076733544526,0.432154171066526,0.467265047518479,0.299102428722281,0.337117212249208,0.376891939457937,0.337117212249208,0.332101372756071,0.376891939457937,0.432154171066525,0.262143611404435,0.371788102780711,0.851460753255896,0.626803942273847,0.885867652235128,0.738120380147835,0.57312565997888,0.68549806406195,0.605684618092221,0.208025343189018,0.233104540654699,0.75827173530447,0.419130587821189,0.565205913410771,0.235392467441042,0.182858148539246
HEB_01_057,0.546990496304118,0.686906019007391,0.402235128475889,0.46858500527983,0.352516719464977,0.960841253079901,0.699049630411826,0.575677578317494,0.704329461457233,0.739088349172826,0.925378387891587,0.58905315029919,0.729320661738824,0.809222104892643,0.352516719464977,0.352516719464977,0.352516719464977,0.352516719464977,0.825061598028863,1.29558254135868,1.89645649642323,0.352516719464977,0.352516719464977,0.352516719464977,0.352516719464977,0.352516719464977,0.352516719464977,0.352516719464977,0.141763463569166,0.33931714185146,0.352516719464977,0.538894755367828,0.538894755367828,0.537838789158747,0.270767335445265,0.692713833157339,0.797430482224568,0.697289686730024,0.672386483632523,0.506951777543118,0.467265047518479,0.489792326645547,0.527191129883843,0.636659626891939,0.352516719464977,0.792150651179162,0.697289686730024,0.510911650827173,0.697289686730024,0.510911650827173,0.697289686730024,0.352516719464977,0.697289686730024,0.291094684970081,0.717001055966209,0.764695529743048,0.717001055966209,0.352516719464977,0.634899683210137,0.352516719464977,0.784758887715592,0.563269975360788,0.474128827877508,0.802446321717704,0.547166490672298,0.357180570221753,0.370204153467089,0.370204153467089,0.339493136219641,0.357180570221753,0.523759239704329,0.707057374164026,0.67731432594157,0.294526575149595,0.442449841605068,0.737152411122844,0.156282998944034,0.554470256951777,0.264695529743048,0.627419922562478,0.760383667722632,0.772615276311158,1.50668778599085,1.56203801478353,1.45969728968673,1.54435058078141,0.352516719464977,0.352516719464977,0.352516719464977,0.370204153467089,0.658570925730376,0.628299894403379,0.697289686730024,0.389651531151003,0.525871172122492,0.352516719464977,0.38762759591693,0.219464977120732,0.257479760647659,0.297254487856388,0.257479760647659,0.252463921154523,0.297254487856388,0.352516719464977,0.182506159802886,0.292150651179162,1.299806406195,0.969552974304822,1.46092925026399,0.447289686730024,1.38049982400563,1.02824709609292,1.41305878211897,0.909802886307638,0.259063709961281,0.7419922562478,0.381731784582893,0.696761703625484,0.155755015839493,0.546726504751848
HEB_01_071,0.2749032030975,0.414818725800774,0.510295670538542,0.449929602252728,0.840725096796902,0.350844772967265,0.722632875747976,0.683738120380147,0.305526223160858,0.593717001055966,0.442097852868708,0.739352340725096,0.626187961985216,0.748328053502287,0.840725096796902,0.840725096796902,0.840725096796902,0.840725096796902,0.63745160154875,0.432154171066525,0.352516719464977,0.941939777075362,0.840725096796902,0.840725096796902,0.840725096796902,0.840725096796902,0.840725096796902,0.840725096796902,0.629971840901091,0.320661738824357,0.840725096796902,0.520239352340725,0.520239352340725,0.624780007039774,0.37882787750792,0.293910594860964,0.398627243928194,0.425202393523407,0.273583245336149,0.467177050334389,0.448609644491376,0.21770503343893,0.255103836677226,0.364572333685322,0.840725096796902,0.520063357972545,0.425202393523407,0.745688137979584,0.425202393523407,0.745688137979584,0.425202393523407,0.840725096796902,0.425202393523407,0.779303062302006,0.444913762759591,0.49260823653643,0.444913762759591,0.840725096796902,0.616244280183034,0.840725096796902,0.385955649419218,0.502375923970433,0.751143963393171,0.382523759239704,0.739704329461457,0.824269623372052,0.837293206617388,0.837293206617388,0.827701513551566,0.824269623372051,0.568461809222104,0.434970080957409,0.595300950369588,0.592661034846884,0.803942273847237,0.401707145371348,0.433298134459697,0.72588877155931,0.752903907074973,0.228616684266103,0.424938401971137,0.373812038014783,0.220872932066174,0.191745864132347,0.279479056670186,0.364132347764871,0.840725096796902,0.840725096796902,0.840725096796902,0.837293206617388,0.639915522703273,0.567405843013023,0.425202393523407,0.751143963393171,0.507215769095389,0.840725096796902,0.770239352340725,0.707673354452657,0.745688137979584,0.785462865188313,0.745688137979584,0.740672298486448,0.785462865188313,0.840725096796902,0.670714537134811,0.780359028511087,0.710929250263991,0.486272439281943,0.555262231608588,0.787662794790566,0.221400915170714,0.418250615980288,0.253959873284055,0.53211897219289,0.578317493840197,0.617740232312565,0.510911650827173,0.297958465329109,0.643963393171418,0.570309750087997
HEB_01_072,0.2749032030975,0.414818725800774,0.510295670538542,0.449929602252728,0.840725096796902,0.350844772967265,0.722632875747976,0.683738120380147,0.305526223160859,0.593717001055966,0.442097852868708,0.739352340725096,0.626187961985216,0.748328053502287,0.840725096796902,0.840725096796902,0.840725096796902,0.840725096796902,0.63745160154875,0.432154171066525,0.352516719464977,0.840725096796902,0.941939777075362,0.840725096796902,0.840725096796902,0.840725096796902,0.840725096796902,0.840725096796902,0.629971840901091,0.320661738824357,0.840725096796902,0.520239352340725,0.520239352340725,0.624780007039774,0.37882787750792,0.293910594860964,0.398627243928194,0.425202393523407,0.273583245336149,0.467177050334389,0.448609644491376,0.21770503343893,0.255103836677226,0.364572333685322,0.840725096796902,0.520063357972545,0.425202393523407,0.745688137979584,0.425202393523407,0.745688137979584,0.425202393523407,0.840725096796902,0.425202393523407,0.779303062302006,0.444913762759591,0.49260823653643,0.444913762759591,0.840725096796902,0.616244280183034,0.840725096796902,0.385955649419218,0.502375923970433,0.751143963393171,0.382523759239704,0.739704329461457,0.824269623372051,0.837293206617388,0.837293206617388,0.827701513551566,0.824269623372051,0.568461809222104,0.434970080957409,0.595300950369588,0.592661034846884,0.803942273847236,0.401707145371348,0.433298134459697,0.72588877155931,0.752903907074973,0.228616684266103,0.424938401971136,0.373812038014783,0.220872932066174,0.191745864132348,0.279479056670186,0.364132347764871,0.840725096796902,0.840725096796902,0.840725096796902,0.837293206617388,0.639915522703273,0.567405843013023,0.425202393523407,0.751143963393171,0.507215769095389,0.840725096796902,0.770239352340725,0.707673354452657,0.745688137979584,0.785462865188313,0.745688137979584,0.740672298486448,0.785462865188313,0.840725096796902,0.670714537134811,0.780359028511087,0.710929250263991,0.486272439281943,0.555262231608588,0.787662794790566,0.221400915170714,0.418250615980288,0.253959873284055,0.532118972192889,0.578317493840197,0.617740232312565,0.510911650827173,0.297958465329109,0.643963393171418,0.570309750087997
HEB_01_074,0.2749032030975,0.414818725800774,0.510295670538542,0.449929602252728,0.840725096796902,0.350844772967265,0.722632875747976,0.683738120380147,0.305526223160859,0.593717001055966,0.442097852868708,0.739352340725096,0.626187961985216,0.748328053502287,0.840725096796902,0.840725096796902,0.840725096796902,0.840725096796902,0.63745160154875,0.432154171066525,0.352516719464977,0.840725096796902,0.840725096796902,0.941939777075362,0.840725096796902,0.840725096796902,0.840725096796902,0.840725096796902,0.629971840901091,0.320661738824357,0.840725096796902,0.520239352340725,0.520239352340725,0.624780007039774,0.37882787750792,0.293910594860964,0.398627243928194,0.425202393523407,0.273583245336149,0.467177050334389,0.448609644491376,0.21770503343893,0.255103836677226,0.364572333685322,0.840725096796902,0.520063357972545,0.425202393523407,0.745688137979584,0.425202393523407,0.745688137979584,0.425202393523407,0.840725096796902,0.425202393523407,0.779303062302006,0.444913762759591,0.49260823653643,0.444913762759591,0.840725096796902,0.616244280183034,0.840725096796902,0.385955649419218,0.502375923970433,0.751143963393171,0.382523759239704,0.739704329461457,0.824269623372051,0.837293206617388,0.837293206617388,0.827701513551566,0.824269623372051,0.568461809222104,0.434970080957409,0.595300950369588,0.592661034846884,0.803942273847236,0.401707145371348,0.433298134459697,0.72588877155931,0.752903907074973,0.228616684266103,0.424938401971136,0.373812038014783,0.220872932066174,0.191745864132348,0.279479056670186,0.364132347764871,0.840725096796902,0.840725096796902,0.840725096796902,0.837293206617388,0.639915522703273,0.567405843013023,0.425202393523407,0.751143963393171,0.507215769095389,0.840725096796902,0.770239352340725,0.707673354452657,0.745688137979584,0.785462865188313,0.745688137979584,0.740672298486448,0.785462865188313,0.840725096796902,0.670714537134811,0.780359028511087,0.710929250263991,0.486272439281943,0.555262231608588,0.787662794790566,0.221400915170714,0.418250615980288,0.253959873284055,0.532118972192889,0.578317493840197,0.617740232312565,0.510911650827173,0.297958465329109,0.643963393171418,0.570309750087997
HEB_01_075,0.2749032030975,0.414818725800774,0.510295670538542,0.449929602252728,0.840725096796902,0.350844772967265,0.722632875747976,0.683738120380147,0.305526223160858,0.593717001055966,0.442097852868708,0.739352340725096,0.626187961985216,0.748328053502287,0.840725096796902,0.840725096796902,0.840725096796902,0.840725096796902,0.63745160154875,0.432154171066525,0.352516719464977,0.840725096796902,0.840725096796902,0.840725096796902,0.941939777075362,0.840725096796902,0.840725096796902,0.840725096796902,0.629971840901091,0.320661738824357,0.840725096796902,0.520239352340725,0.520239352340725,0.624780007039774,0.37882787750792,0.293910594860964,0.398627243928194,0.425202393523407,0.273583245336149,0.467177050334389,0.448609644491376,0.21770503343893,0.255103836677226,0.364572333685322,0.840725096796902,0.520063357972545,0.425202393523407,0.745688137979584,0.425202393523407,0.745688137979584,0.425202393523407,0.840725096796902,0.425202393523407,0.779303062302006,0.444913762759591,0.49260823653643,0.444913762759591,0.840725096796902,0.616244280183034,0.840725096796902,0.385955649419218,0.502375923970433,0.751143963393171,0.382523759239704,0.739704329461457,0.824269623372052,0.837293206617388,0.837293206617388,0.827701513551566,0.824269623372051,0.568461809222104,0.434970080957409,0.595300950369588,0.592661034846884,0.803942273847237,0.401707145371348,0.433298134459697,0.72588877155931,0.752903907074973,0.228616684266103,0.424938401971137,0.373812038014783,0.220872932066174,0.191745864132347,0.279479056670186,0.364132347764871,0.840725096796902,0.840725096796902,0.840725096796902,0.837293206617388,0.639915522703273,0.567405843013023,0.425202393523407,0.751143963393171,0.507215769095389,0.840725096796902,0.770239352340725,0.707673354452657,0.745688137979584,0.785462865188313,0.745688137979584,0.740672298486448,0.785462865188313,0.840725096796902,0.670714537134811,0.780359028511087,0.710929250263991,0.486272439281943,0.555262231608588,0.787662794790566,0.221400915170714,0.418250615980288,0.253959873284055,0.53211897219289,0.578317493840197,0.617740232312565,0.510911650827173,0.297958465329109,0.643963393171418,0.570309750087997
HEB_01_077,0.2749032030975,0.414818725800774,0.510295670538542,0.449929602252728,0.840725096796902,0.350844772967265,0.722632875747976,0.683738120380147,0.305526223160858,0.593717001055966,0.442097852868708,0.739352340725096,0.626187961985216,0.748328053502287,0.840725096796902,0.840725096796902,0.840725096796902,0.840725096796902,0.63745160154875,0.432154171066525,0.352516719464977,0.840725096796902,0.840725096796902,0.840725096796902,0.840725096796902,0.941939777075362,0.840725096796902,0.840725096796902,0.629971840901091,0.320661738824357,0.840725096796902,0.520239352340725,0.520239352340725,0.624780007039774,0.37882787750792,0.293910594860964,0.398627243928194,0.425202393523407,0.273583245336149,0.467177050334389,0.448609644491376,0.21770503343893,0.255103836677226,0.364572333685322,0.840725096796902,0.520063357972545,0.425202393523407,0.745688137979584,0.425202393523407,0.745688137979584,0.425202393523407,0.840725096796902,0.425202393523407,0.779303062302006,0.444913762759591,0.49260823653643,0.444913762759591,0.840725096796902,0.616244280183034,0.840725096796902,0.385955649419218,0.502375923970433,0.751143963393171,0.382523759239704,0.739704329461457,0.824269623372052,0.837293206617388,0.837293206617388,0.827701513551566,0.824269623372051,0.568461809222104,0.434970080957409,0.595300950369588,0.592661034846884,0.803942273847237,0.401707145371348,0.433298134459697,0.72588877155931,0.752903907074973,0.228616684266103,0.424938401971137,0.373812038014783,0.220872932066174,0.191745864132347,0.279479056670186,0.364132347764871,0.840725096796902,0.840725096796902,0.840725096796902,0.837293206617388,0.639915522703273,0.567405843013023,0.425202393523407,0.751143963393171,0.507215769095389,0.840725096796902,0.770239352340725,0.707673354452657,0.745688137979584,0.785462865188313,0.745688137979584,0.740672298486448,0.785462865188313,0.840725096796902,0.670714537134811,0.780359028511087,0.710929250263991,0.486272439281943,0.555262231608588,0.787662794790566,0.221400915170714,0.418250615980288,0.253959873284055,0.53211897219289,0.578317493840197,0.617740232312565,0.510911650827173,0.297958465329109,0.643963393171418,0.570309750087997
HEB_01_079,0.2749032030975,0.414818725800774,0.510295670538542,0.449929602252728,0.840725096796902,0.350844772967265,0.722632875747976,0.683738120380147,0.305526223160858,0.593717001055966,0.442097852868708,0.739352340725096,0.626187961985216,0.748328053502287,0.840725096796902,0.840725096796902,0.840725096796902,0.840725096796902,0.63745160154875,0.432154171066525,0.352516719464977,0.840725096796902,0.840725096796902,0.840725096796902,0.840725096796902,0.840725096796902,0.941939777075362,0.840725096796902,0.629971840901091,0.320661738824357,0.840725096796902,0.520239352340725,0.520239352340725,0.624780007039774,0.37882787750792,0.293910594860964,0.398627243928194,0.425202393523407,0.273583245336149,0.467177050334389,0.448609644491376,0.21770503343893,0.255103836677226,0.364572333685322,0.840725096796902,0.520063357972545,0.425202393523407,0.745688137979584,0.425202393523407,0.745688137979584,0.425202393523407,0.840725096796902,0.425202393523407,0.779303062302006,0.444913762759591,0.49260823653643,0.444913762759591,0.840725096796902,0.616244280183034,0.840725096796902,0.385955649419218,0.502375923970433,0.751143963393171,0.382523759239704,0.739704329461457,0.824269623372052,0.837293206617388,0.837293206617388,0.827701513551566,0.824269623372051,0.568461809222104,0.434970080957409,0.595300950369588,0.592661034846884,0.803942273847237,0.401707145371348,0.433298134459697,0.72588877155931,0.752903907074973,0.228616684266103,0.424938401971137,0.373812038014783,0.220872932066174,0.191745864132347,0.279479056670186,0.364132347764871,0.840725096796902,0.840725096796902,0.840725096796902,0.837293206617388,0.639915522703273,0.567405843013023,0.425202393523407,0.751143963393171,0.507215769095389,0.840725096796902,0.770239352340725,0.707673354452657,0.745688137979584,0.785462865188313,0.745688137979584,0.740672298486448,0.785462865188313,0.840725096796902,0.670714537134811,0.780359028511087,0.710929250263991,0.486272439281943,0.555262231608588,0.787662794790566,0.221400915170714,0.418250615980288,0.253959873284055,0.53211897219289,0.578317493840197,0.617740232312565,0.510911650827173,0.297958465329109,0.643963393171418,0.570309750087997
HEB_01_080,0.2749032030975,0.414818725800774,0.510295670538542,0.449929602252728,0.840725096796902,0.350844772967265,0.722632875747976,0.683738120380147,0.305526223160858,0.593717001055966,0.442097852868708,0.739352340725096,0.626187961985216,0.748328053502287,0.840725096796902,0.840725096796902,0.840725096796902,0.840725096796902,0.63745160154875,0.432154171066525,0.352516719464977,0.840725096796902,0.840725096796902,0.840725096796902,0.840725096796902,0.840725096796902,0.840725096796902,0.941939777075362,0.629971840901091,0.320661738824357,0.840725096796902,0.520239352340725,0.520239352340725,0.624780007039774,0.37882787750792,0.293910594860964,0.398627243928194,0.425202393523407,0.273583245336149,0.467177050334389,0.448609644491376,0.21770503343893,0.255103836677226,0.364572333685322,0.840725096796902,0.520063357972545,0.425202393523407,0.745688137979584,0.425202393523407,0.745688137979584,0.425202393523407,0.840725096796902,0.425202393523407,0.779303062302006,0.444913762759591,0.49260823653643,0.444913762759591,0.840725096796902,0.616244280183034,0.840725096796902,0.385955649419218,0.502375923970433,0.751143963393171,0.382523759239704,0.739704329461457,0.824269623372052,0.837293206617388,0.837293206617388,0.827701513551566,0.824269623372051,0.568461809222104,0.434970080957409,0.595300950369588,0.592661034846884,0.803942273847237,0.401707145371348,0.433298134459697,0.72588877155931,0.752903907074973,0.228616684266103,0.424938401971137,0.373812038014783,0.220872932066174,0.191745864132347,0.279479056670186,0.364132347764871,0.840725096796902,0.840725096796902,0.840725096796902,0.837293206617388,0.639915522703273,0.567405843013023,0.425202393523407,0.751143963393171,0.507215769095389,0.840725096796902,0.770239352340725,0.707673354452657,0.745688137979584,0.785462865188313,0.745688137979584,0.740672298486448,0.785462865188313,0.840725096796902,0.670714537134811,0.780359028511087,0.710929250263991,0.486272439281943,0.555262231608588,0.787662794790566,0.221400915170714,0.418250615980288,0.253959873284055,0.53211897219289,0.578317493840197,0.617740232312565,0.510911650827173,0.297958465329109,0.643963393171418,0.570309750087997
HEB_01_082,0.676610348468849,0.510295670538542,0.679690249912003,0.672122492080253,0.629971840901091,0.456881379795846,0.575237592397043,0.472984864484336,0.559398099260823,0.382963745160154,0.695969728968672,0.528599084829285,0.563269975360788,0.537574797606476,0.629971840901091,0.629971840901091,0.629971840901091,0.629971840901091,0.426698345652939,0.221400915170714,0.141763463569166,0.629971840901091,0.629971840901091,0.629971840901091,0.629971840901091,0.629971840901091,0.629971840901091,0.629971840901091,1.1182831475628,0.870204153467089,0.629971840901091,0.60515663498768,0.60515663498768,0.561862020415346,0.928370292150651,0.547782470960929,0.483544526575149,0.510119676170362,0.675290390707497,0.678810278071101,0.586325237592397,0.725008799718409,0.751847940865892,0.565645899331221,0.629971840901091,0.309310102076733,0.510119676170362,0.534934882083773,0.510119676170362,0.534934882083773,0.510119676170362,0.629971840901091,0.510119676170362,0.695265751495952,0.403115100316789,0.366332277367124,0.403115100316789,0.629971840901091,0.489968321013727,0.629971840901091,0.470872932066174,0.587293206617388,0.54039070749736,0.467441041886659,0.528951073565646,0.634635691657866,0.626539950721577,0.626539950721577,0.638067581837381,0.634635691657866,0.663938753959873,0.519887363604364,0.39510735656459,0.783174938401971,0.593189017951425,0.486624428018303,0.982840549102428,0.525695177754312,0.711105244632171,0.778159098908835,0.467617036254839,0.500967969024991,0.432506159802886,0.276663146779303,0.533350932770151,0.343453009503695,0.629971840901091,0.629971840901091,0.629971840901091,0.626539950721577,0.429162266807462,0.504487856388595,0.510119676170362,0.688225976768743,0.761087645195353,0.629971840901091,0.665082717353044,0.75035198873636,0.746128123900035,0.743664202745512,0.703889475536782,0.741112284406898,0.743664202745512,0.629971840901091,0.882347764871524,0.738560366068285,0.50017599436818,0.740144315381907,0.344508975712777,0.576909538894755,0.475272791270679,0.344772967265047,0.444473776839141,0.785990848292854,0.832189369940161,0.406986976416754,0.764783526927138,0.551830341429074,0.876715945089757,0.824181626187961
HEB_01_085,1.10647659274903,0.781766983456529,0.835005279831045,1.00695177754312,0.320661738824357,0.844508975712777,0.329285462865188,0.459345300950369,1.09486096444914,0.327085533262935,0.724568813797958,0.219288982752552,0.359556494192185,0.228264695529743,0.320661738824357,0.320661738824357,0.320661738824357,0.320661738824357,0.117388243576206,0.418954593453009,0.33931714185146,0.320661738824357,0.320661738824357,0.320661738824357,0.320661738824357,0.320661738824357,0.320661738824357,0.320661738824357,0.870204153467089,1.40109798702379,0.320661738824357,0.844948961633227,0.844948961633227,0.527103132699753,1.2526399155227,1.1254839845125,0.723336853220697,0.74991200281591,1.10515663498768,0.728528687082013,0.794438577965505,1.30271031326997,1.21339317141851,0.921594508975712,0.320661738824357,0.549102428722281,0.74991200281591,0.22562478000704,0.74991200281591,0.22562478000704,0.74991200281591,0.320661738824357,0.74991200281591,0.470432946145723,0.727384723688842,0.606124604012671,0.727384723688842,0.320661738824357,0.497448081661386,0.320661738824357,0.710665258711721,0.827085533262935,0.231080605420626,0.707233368532207,0.219640971488912,0.346444913762759,0.317229848644843,0.317229848644843,0.349876803942274,0.346444913762759,0.597500879971841,0.759679690249912,0.64545934530095,0.748416050686377,0.304998240056318,0.72641675466385,1.26487152411123,0.226944737768391,0.570749736008447,1.22914466737064,0.707409362900387,0.782998944033791,0.735656458993312,0.558694121788102,0.688665962689194,0.54100668778599,0.320661738824357,0.320661738824357,0.320661738824357,0.317229848644843,0.373284054910243,0.511967617036255,0.74991200281591,0.526751143963393,0.789686730024639,0.320661738824357,0.461369236184442,0.609996480112636,0.563533966913058,0.434354100668778,0.521295318549806,0.600756775783175,0.434354100668778,0.320661738824357,0.784230904611052,0.429250263991552,0.190865892291447,0.768743400211194,0.140795494544175,0.267599436818022,1.01073565645899,0.679602252727912,0.916578669482576,0.81458993312214,0.860788454769447,0.604540654699049,0.983456529391059,1.08729320661739,0.884195705737416,0.852780711017247
HEB_01_086,0.2749032030975,0.414818725800774,0.510295670538542,0.449929602252728,0.840725096796902,0.350844772967265,0.722632875747976,0.683738120380147,0.305526223160858,0.593717001055966,0.442097852868708,0.739352340725096,0.626187961985216,0.748328053502287,0.840725096796902,0.840725096796902,0.840725096796902,0.840725096796902,0.63745160154875,0.432154171066525,0.352516719464977,0.840725096796902,0.840725096796902,0.840725096796902,0.840725096796902,0.840725096796902,0.840725096796902,0.840725096796902,0.629971840901091,0.320661738824357,0.941939777075362,0.520239352340725,0.520239352340725,0.624780007039774,0.37882787750792,0.293910594860964,0.398627243928194,0.425202393523407,0.273583245336149,0.467177050334389,0.448609644491376,0.21770503343893,0.255103836677226,0.364572333685322,0.840725096796902,0.520063357972545,0.425202393523407,0.745688137979584,0.425202393523407,0.745688137979584,0.425202393523407,0.840725096796902,0.425202393523407,0.779303062302006,0.444913762759591,0.49260823653643,0.444913762759591,0.840725096796902,0.616244280183034,0.840725096796902,0.385955649419218,0.502375923970433,0.751143963393171,0.382523759239704,0.739704329461457,0.824269623372052,0.837293206617388,0.837293206617388,0.827701513551566,0.824269623372051,0.568461809222104,0.434970080957409,0.595300950369588,0.592661034846884,0.803942273847237,0.401707145371348,0.433298134459697,0.72588877155931,0.752903907074973,0.228616684266103,0.424938401971137,0.373812038014783,0.220872932066174,0.191745864132347,0.279479056670186,0.364132347764871,0.840725096796902,0.840725096796902,0.840725096796902,0.837293206617388,0.639915522703273,0.567405843013023,0.425202393523407,0.751143963393171,0.507215769095389,0.840725096796902,0.770239352340725,0.707673354452657,0.745688137979584,0.785462865188313,0.745688137979584,0.740672298486448,0.785462865188313,0.840725096796902,0.670714537134811,0.780359028511087,0.710929250263991,0.486272439281943,0.555262231608588,0.787662794790566,0.221400915170714,0.418250615980288,0.253959873284055,0.53211897219289,0.578317493840197,0.617740232312565,0.510911650827173,0.297958465329109,0.643963393171418,0.570309750087997
HEB_01_087,0.799190425906371,0.939105948609644,0.527719112988384,0.974216825061598,0.520239352340725,0.537222808870116,0.402147131291798,0.658922914466737,0.49190425906371,0.526663146779303,0.121612108412531,0.418866596268919,0.305702217529039,0.42784230904611,0.520239352340725,0.520239352340725,0.520239352340725,0.520239352340725,0.316965857092573,0.618532206969376,0.538894755367828,0.520239352340725,0.520239352340725,0.520239352340725,0.520239352340725,0.520239352340725,0.520239352340725,0.520239352340725,0.60515663498768,0.844948961633227,0.520239352340725,1.09605722841457,1.04452657514959,0.726680746216121,0.649683210137275,0.522527279127068,0.922914466737064,0.949489616332277,0.797870468145019,0.632435762055614,0.888419570573741,0.699753607884547,0.779391059486096,0.888859556494192,0.520239352340725,0.748680042238648,0.949489616332277,0.425202393523407,0.949489616332277,0.425202393523407,0.949489616332277,0.520239352340725,0.949489616332277,0.501055966209081,0.758007743752199,0.805702217529039,0.7580077437522,0.520239352340725,0.612548398451249,0.520239352340725,0.910242872228088,1.0266631467793,0.430658218936994,0.906810982048574,0.419218585005279,0.503783878915874,0.51680746216121,0.51680746216121,0.507215769095389,0.503783878915874,0.311334037310806,0.959257303766279,0.823917634635691,0.272175290390707,0.483456529391059,0.925994368180218,0.6619148187258,0.405403027103132,0.432418162618796,0.752903907074973,0.906986976416754,0.898099260823653,0.639563533966912,0.716033086941217,0.381379795846533,0.740584301302358,0.520239352340725,0.520239352340725,0.520239352340725,0.516807462161211,0.57286166842661,0.711545230552622,0.949489616332277,0.430658218936994,0.271207321365716,0.520239352340725,0.534230904611052,0.556142203449489,0.509679690249912,0.633931714185146,0.594156986976416,0.420186554030271,0.633931714185146,0.520239352340725,0.434706089405139,0.628827877507919,0.390443505807814,0.165786694825765,0.277015135515663,0.467177050334389,0.407778951073565,0.604628651883139,0.440337909186906,0.211633227736712,0.257831749384019,0.804118268215416,0.44385779655051,0.48433650123196,0.323477648715241,0.249824005631819
HEB_01_090,0.799190425906371,0.939105948609644,0.527719112988384,0.974216825061598,0.520239352340725,0.537222808870116,0.402147131291798,0.658922914466737,0.49190425906371,0.526663146779303,0.121612108412531,0.418866596268919,0.305702217529039,0.42784230904611,0.520239352340725,0.520239352340725,0.520239352340725,0.520239352340725,0.316965857092573,0.618532206969376,0.538894755367828,0.520239352340725,0.520239352340725,0.520239352340725,0.520239352340725,0.520239352340725,0.520239352340725,0.520239352340725,0.60515663498768,0.844948961633227,0.520239352340725,1.04452657514959,1.09605722841457,0.726680746216121,0.649683210137275,0.522527279127068,0.922914466737064,0.949489616332277,0.797870468145019,0.632435762055614,0.888419570573741,0.699753607884547,0.779391059486096,0.888859556494192,0.520239352340725,0.748680042238648,0.949489616332277,0.425202393523407,0.949489616332277,0.425202393523407,0.949489616332277,0.520239352340725,0.949489616332277,0.501055966209081,0.758007743752199,0.805702217529039,0.7580077437522,0.520239352340725,0.612548398451249,0.520239352340725,0.910242872228088,1.0266631467793,0.430658218936994,0.906810982048574,0.419218585005279,0.503783878915874,0.51680746216121,0.51680746216121,0.507215769095389,0.503783878915874,0.311334037310806,0.959257303766279,0.823917634635691,0.272175290390707,0.483456529391059,0.925994368180218,0.6619148187258,0.405403027103132,0.432418162618796,0.752903907074973,0.906986976416754,0.898099260823653,0.639563533966912,0.716033086941217,0.381379795846533,0.740584301302358,0.520239352340725,0.520239352340725,0.520239352340725,0.516807462161211,0.57286166842661,0.711545230552622,0.949489616332277,0.430658218936994,0.271207321365716,0.520239352340725,0.534230904611052,0.556142203449489,0.509679690249912,0.633931714185146,0.594156986976416,0.420186554030271,0.633931714185146,0.520239352340725,0.434706089405139,0.628827877507919,0.390443505807814,0.165786694825765,0.277015135515663,0.467177050334389,0.407778951073565,0.604628651883139,0.440337909186906,0.211633227736712,0.257831749384019,0.804118268215416,0.44385779655051,0.48433650123196,0.323477648715241,0.249824005631819
HEB_01_091,0.62917986624428,0.769095388947553,0.537222808870116,0.656370996128124,0.624780007039774,0.388331573389651,0.506687785990848,0.678986272439282,0.343013023583245,0.557286166842661,0.22615276311158,0.523407250967969,0.410242872228088,0.53238296374516,0.624780007039774,0.624780007039774,0.624780007039774,0.624780007039774,0.474304822245688,0.575237592397043,0.537838789158747,0.624780007039774,0.624780007039774,0.624780007039774,0.624780007039774,0.624780007039774,0.624780007039774,0.624780007039774,0.561862020415346,0.527103132699753,0.624780007039774,0.726680746216121,0.726680746216121,0.84691399101647,0.53247096092925,0.50035198873636,0.752903907074973,0.779479056670186,0.627859908482928,0.494104188665963,0.61281239000352,0.550862372404083,0.609380499824005,0.718848996832101,0.624780007039774,0.72650475184794,0.779479056670186,0.67757831749384,0.779479056670186,0.67757831749384,0.779479056670186,0.624780007039774,0.779479056670186,0.584477296726504,0.69359380499824,0.741288278775079,0.69359380499824,0.624780007039774,0.632611756423794,0.624780007039774,0.655755015839493,0.719376979936642,0.535198873636043,0.652323125659978,0.523759239704329,0.608324533614924,0.62134811686026,0.62134811686026,0.611756423794438,0.608324533614924,0.532030975008799,0.757567757831749,0.6539070749736,0.492872228088701,0.587997184090109,0.755983808518127,0.49190425906371,0.657778951073565,0.536958817317846,0.582893347412882,0.75809574093629,0.728088701161562,0.522351284758887,0.546022527279127,0.327525519183386,0.591693065821893,0.624780007039774,0.624780007039774,0.624780007039774,0.62134811686026,0.698521647307286,0.731608588525167,0.779479056670186,0.535198873636043,0.481344596972897,0.624780007039774,0.596532910946849,0.576205561422034,0.571981696585709,0.653995072157691,0.614220344948961,0.52472720872932,0.653995072157691,0.624780007039774,0.497008095740936,0.648891235480464,0.494984160506863,0.270327349524815,0.50827173530447,0.571717705033438,0.406722984864484,0.603572685674058,0.439281942977824,0.316173882435762,0.415170714537135,0.655227032734952,0.474480816613868,0.483280535022879,0.42801830341429,0.354364660330869
HEB_01_092,1.03792678634284,0.713217177050334,0.829813445969729,0.811686026047166,0.37882787750792,0.649243224216825,0.38745160154875,0.411914818725801,0.899595212953185,0.311334037310806,0.782734952481521,0.277455121436114,0.417722632875748,0.286430834213305,0.37882787750792,0.37882787750792,0.37882787750792,0.37882787750792,0.228352692713833,0.308166138683562,0.270767335445265,0.37882787750792,0.37882787750792,0.37882787750792,0.37882787750792,0.37882787750792,0.37882787750792,0.37882787750792,0.928370292150651,1.2526399155227,0.37882787750792,0.649683210137275,0.649683210137275,0.53247096092925,1.2495092330727,1.0569341781063,0.654787046814502,0.681362196409715,1.03660682858149,0.702217529039071,0.641411474832805,1.23416050686378,1.14484336501232,0.853044702569517,0.37882787750792,0.480552622316086,0.681362196409715,0.410506863780359,0.681362196409715,0.410506863780359,0.681362196409715,0.37882787750792,0.681362196409715,0.528599084829285,0.658834917282647,0.537574797606476,0.658834917282647,0.37882787750792,0.49225624780007,0.37882787750792,0.557638155579021,0.642379443857796,0.289246744104189,0.554206265399507,0.277807110172474,0.404611052446322,0.375395987328405,0.375395987328405,0.408042942625836,0.404611052446322,0.75070397747272,0.659450897571278,0.450193593804998,0.901619148187258,0.36316437873988,0.657866948257655,1.21744104188666,0.41182682154171,0.62891587469201,1.16059486096445,0.638859556494192,0.714449137627595,0.709345300950369,0.490144315381907,0.672914466737064,0.440777895107356,0.37882787750792,0.37882787750792,0.37882787750792,0.375395987328405,0.431450193593805,0.549014431538191,0.681362196409715,0.584917282646955,0.932330165434706,0.37882787750792,0.477296726504752,0.668162618796198,0.62170010559662,0.49252023935234,0.579461457233368,0.658922914466737,0.49252023935234,0.37882787750792,0.842397043294614,0.487416402675114,0.249032030975008,0.826909538894756,0.304558254135867,0.325765575501584,0.942185850052798,0.611052446321717,0.848028863076381,0.872756071805702,0.971752903907075,0.409274903203097,0.96770503343893,1.01874340021119,0.942361844420978,0.91094684970081
HEB_01_093,1.03748680042239,0.712777191129883,0.871612108412531,0.684530095036958,0.293910594860964,0.817757831749384,0.302534318901795,0.517071453713481,1.1948257655755,0.469288982752552,0.697817669834565,0.192537838789158,0.332805350228792,0.20151355156635,0.293910594860964,0.293910594860964,0.293910594860964,0.293910594860964,0.301830341429074,0.561158042942626,0.692713833157338,0.293910594860964,0.293910594860964,0.293910594860964,0.293910594860964,0.293910594860964,0.293910594860964,0.293910594860964,0.547782470960929,1.1254839845125,0.293910594860964,0.522527279127068,0.522527279127068,0.50035198873636,1.0569341781063,1.42452171019797,0.781063005983808,0.680922210489264,1.16288278775079,0.42722632875748,0.472016895459345,1.27595916930658,1.14440337909187,0.852604716649067,0.293910594860964,0.775783174938401,0.680922210489264,0.452305526223161,0.680922210489264,0.452305526223161,0.680922210489264,0.293910594860964,0.680922210489264,0.401443153819077,0.869588173178458,0.748328053502287,0.869588173178458,0.293910594860964,0.681890179514255,0.293910594860964,0.472720872932066,0.525783174938402,0.204329461457233,0.469288982752552,0.192889827525519,0.319693769799366,0.29047870468145,0.29047870468145,0.32312565997888,0.319693769799366,0.950897571277719,0.690689897923266,0.682066173882436,0.91173882435762,0.404963041182682,0.720784934882083,0.942449841605068,0.516983456529391,0.543998592045054,1.28687082013376,0.744016191481872,0.840725096796902,0.81450193593805,0.616420274551214,0.683034142907426,0.598732840549102,0.293910594860964,0.293910594860964,0.293910594860964,0.29047870468145,0.599964801126364,0.590813093980992,0.680922210489264,0.5,1.07972544878564,0.293910594860964,0.434618092221049,0.414290742696233,0.452305526223161,0.238648363252376,0.325589581133403,0.574005631819781,0.238648363252376,0.293910594860964,0.673002463921154,0.233544526575149,0.164114748328053,0.7419922562478,0.494192185850052,0.240848292854629,1.36413234776487,1.03299894403379,1.26997536078845,0.893435410066878,1.00299190425906,0.577789510735656,1.0623020063358,1.44068989792327,0.857444561774023,0.952745512143611
HEB_01_096,0.931010207673354,1.07092573037663,0.53282294966561,0.852604716649067,0.398627243928194,0.415610700457585,0.280535022879267,0.621788102780711,0.497008095740936,0.574005631819781,0,0.297254487856388,0.184090109116508,0.306230200633579,0.398627243928194,0.398627243928194,0.398627243928194,0.398627243928194,0.406546990496304,0.665874692009855,0.797430482224568,0.398627243928194,0.398627243928194,0.398627243928194,0.398627243928194,0.398627243928194,0.398627243928194,0.398627243928194,0.483544526575149,0.723336853220697,0.398627243928194,0.922914466737064,0.922914466737064,0.752903907074973,0.654787046814502,0.781063005983808,1.19960073199135,1.08130939809926,1.05640619500176,0.510823653643083,0.76680746216121,0.831573389651531,0.911210841253079,1.02067933826118,0.398627243928194,0.880499824005631,1.08130939809926,0.55702217529039,1.08130939809926,0.55702217529039,1.08130939809926,0.398627243928194,1.08130939809926,0.37944385779655,0.889827525519183,0.937521999296022,0.889827525519183,0.398627243928194,0.744368180218233,0.398627243928194,0.873108060542062,0.926170362548398,0.309046110524463,0.869676170362548,0.297606476592749,0.382171770503343,0.39519535374868,0.39519535374868,0.385603660682858,0.382171770503343,0.569869764167546,1.09107708553326,0.765663498768039,0.340637099612812,0.488560366068286,1.12117212249208,0.54030271031327,0.600580781414994,0.310806054206265,1.01143963393171,1.10216473072862,1.15663498768039,0.898099260823653,0.974568813797958,0.428722280887011,0.893523407250967,0.398627243928194,0.398627243928194,0.398627243928194,0.39519535374868,0.704681450193593,0.843365012319605,1.08130939809926,0.309046110524463,0.466385075677578,0.398627243928194,0.412618796198521,0.434530095036958,0.388067581837381,0.512319605772615,0.472544878563886,0.29857444561774,0.512319605772615,0.398627243928194,0.313093980992608,0.507215769095389,0.268831397395283,0.0441745864132346,0.535550862372404,0.345564941921858,0.666314677930306,0.86316437873988,0.698873636043646,0.195617740232312,0.305174234424498,0.682506159802886,0.42784230904611,0.742872228088701,0.20186554030271,0.254927842309046
HEB_01_097,0.957585357268567,1.09750087997184,0.559398099260823,0.87917986624428,0.425202393523407,0.442185850052798,0.30711017247448,0.648363252375923,0.396867300246392,0.537222808870116,0.0265751495952129,0.323829637451601,0.210665258711721,0.332805350228792,0.425202393523407,0.425202393523407,0.425202393523407,0.425202393523407,0.327525519183386,0.692449841605068,0.697289686730024,0.425202393523407,0.425202393523407,0.425202393523407,0.425202393523407,0.425202393523407,0.425202393523407,0.425202393523407,0.510119676170362,0.74991200281591,0.425202393523407,0.949489616332277,0.949489616332277,0.779479056670186,0.681362196409715,0.680922210489264,1.08130939809926,1.14396938945267,0.956265399507215,0.537398803238296,0.793382611756423,0.858148539246744,0.937785990848292,1.04725448785639,0.425202393523407,0.907074973600844,1.10788454769447,0.583597324885603,1.10788454769447,0.583597324885603,1.10788454769447,0.425202393523407,1.10788454769447,0.406019007391763,0.916402675114396,0.964097148891235,0.916402675114396,0.425202393523407,0.644227384723688,0.425202393523407,0.899683210137275,0.952745512143611,0.335621260119676,0.896251319957761,0.324181626187962,0.408746920098557,0.421770503343893,0.421770503343893,0.412178810278071,0.408746920098556,0.469728968673002,1.0542942625836,0.728880675818373,0.367212249208025,0.388419570573741,1.08438929954241,0.566877859908483,0.563797958465329,0.337381203801478,0.91129883843717,1.06538190777895,1.05649419218585,0.797958465329109,0.874428018303414,0.391939457937346,0.793382611756423,0.425202393523407,0.425202393523407,0.425202393523407,0.421770503343893,0.731256599788806,0.869940161914818,1.10788454769447,0.335621260119676,0.429602252727912,0.425202393523407,0.439193945793734,0.461105244632172,0.414642731432594,0.538894755367828,0.499120028159099,0.325149595212953,0.538894755367828,0.425202393523407,0.339669130587821,0.533790918690601,0.295406546990496,0.0707497360084475,0.43541006687786,0.372140091517071,0.566173882435762,0.763023583245336,0.598732840549102,0.116596268919394,0.268391411474833,0.709081309398099,0.454417458641323,0.642731432594157,0.228440689897923,0.154787046814502
HEB_01_099,1.18611404435058,0.967001055966209,0.787926786342837,0.896515311510031,0.273583245336149,0.670714537134811,0.155491024287223,0.496744104188666,0.878827877507919,0.448961633227736,0.381819781766983,0.172210489264343,0.228000703977472,0.181186202041535,0.273583245336149,0.273583245336149,0.273583245336149,0.273583245336149,0.281502991904259,0.54083069341781,0.672386483632523,0.273583245336149,0.273583245336149,0.273583245336149,0.273583245336149,0.273583245336149,0.273583245336149,0.273583245336149,0.675290390707497,1.10515663498768,0.273583245336149,0.797870468145019,0.797870468145019,0.627859908482928,1.03660682858149,1.16288278775079,1.05640619500176,0.956265399507215,1.34586591249376,0.512495600140795,0.684002111932418,1.21339317141851,1.22967265047518,0.969552974304822,0.273583245336149,0.755455825413586,0.956265399507215,0.431978176698345,0.956265399507215,0.431978176698345,0.956265399507215,0.273583245336149,0.956265399507215,0.33887715593101,0.849260823653643,0.812478000703977,0.849260823653643,0.273583245336149,0.66156282998944,0.273583245336149,0.748064061950017,0.801126363956353,0.184002111932418,0.744632171770503,0.172562478000704,0.278247096092925,0.270151355156635,0.270151355156635,0.281678986272439,0.278247096092925,0.698257655755015,0.966033086941218,0.651179162266807,0.659098908834917,0.384635691657867,0.996128123900035,0.922122492080253,0.486096444913762,0.312478000703977,1.26654347060894,0.977120732136571,1.0738296374516,0.899771207321365,0.891763463569165,0.683826117564238,0.768479408658922,0.273583245336149,0.273583245336149,0.273583245336149,0.270151355156635,0.579637451601548,0.71832101372756,0.956265399507215,0.310718057022175,0.763727560718057,0.273583245336149,0.414290742696233,0.478440689897923,0.389739528335093,0.38727560718057,0.474216825061598,0.405843013023583,0.38727560718057,0.273583245336149,0.568197817669834,0.382171770503343,0.143787398803238,0.425994368180218,0.473864836325237,0.220520943329813,1.04813445969729,0.854276663146779,1.02789510735656,0.577437521999296,0.686994016191482,0.557462161210841,0.746304118268215,1.12469200985568,0.562565997888067,0.636747624076029
HEB_01_101,0.534934882083773,0.527015135515663,0.453537486800422,0.636043646603308,0.467177050334389,0.969904963041182,0.75035198873636,0.394667370644139,0.914026751143963,0.853748680042238,1.20899331221401,0.767071453713481,1.07629355860612,0.723248856036606,0.467177050334389,0.467177050334389,0.467177050334389,0.467177050334389,1.04531854980641,0.882259767687434,0.506951777543118,0.467177050334389,0.467177050334389,0.467177050334389,0.467177050334389,0.467177050334389,0.467177050334389,0.467177050334389,0.678810278071101,0.728528687082013,0.467177050334389,0.632435762055614,0.632435762055614,0.494104188665963,0.702217529039071,0.42722632875748,0.510823653643083,0.537398803238296,0.512495600140795,1.50291132922975,1.10990848292855,0.71004927842309,0.673530447025695,0.64572333685322,0.467177050334389,0.357708553326293,0.537398803238296,0.372140091517071,0.537398803238296,0.372140091517071,0.537398803238296,0.467177050334389,0.537398803238296,0.616948257655755,0.535990848292854,0.414730728616684,0.535990848292854,0.467177050334389,0.475008799718409,0.467177050334389,1.08949313621964,0.667370644139387,0.916138683562126,1.09662090813094,0.957497360084477,0.503519887363604,0.474304822245688,0.474304822245688,0.496392115452305,0.503519887363604,0.490584301302358,0.547166490672298,0.454065469904963,0.409186906019007,0.440953889475536,0.535022879267863,0.862284406898979,0.373460049278423,0.6539070749736,0.636483632523759,0.5160154875044,0.570485744456177,1.01944737768391,1.14871524111228,0.993576205561422,0.655843013023583,0.467177050334389,0.467177050334389,0.467177050334389,0.474304822245688,0.26636747624076,0.436730024639211,0.537398803238296,0.683826117564238,0.429338261175642,0.467177050334389,0.407250967969025,0.672034494896163,0.699489616332277,0.559750087997184,0.541094684970081,0.525519183386131,0.559750087997184,0.467177050334389,0.434442097852868,0.565205913410771,0.590813093980992,0.851900739176346,0.487944385779655,0.762583597324885,0.333597324885603,0.488208377331925,0.239440337909187,0.475360788454769,0.521559310102076,0.413146779303062,0.517511439633931,0.410154875043998,0.544966561070045,0.513551566349877
HEB_01_103,0.875395987328405,0.793558606124603,0.646163322773671,0.934266103484688,0.448609644491376,1.01469552974305,0.562829989440338,0.502815909890883,0.821541710665258,0.877419922562477,0.704681450193593,0.727384723688841,0.793734600492784,0.567405843013023,0.448609644491376,0.448609644491376,0.448609644491376,0.448609644491376,0.794438577965505,0.842573037662794,0.467265047518479,0.448609644491376,0.448609644491376,0.448609644491376,0.448609644491376,0.448609644491376,0.448609644491376,0.448609644491376,0.586325237592397,0.794438577965505,0.448609644491376,0.888419570573741,0.888419570573741,0.61281239000352,0.641411474832805,0.472016895459345,0.76680746216121,0.793382611756423,0.684002111932418,1.10990848292855,1.37900515721178,0.733720520943329,0.728880675818373,0.764431538190777,0.448609644491376,0.592573037662794,0.793382611756423,0.353572685674058,0.793382611756423,0.353572685674058,0.793382611756423,0.448609644491376,0.793382611756423,0.429426258359732,0.601900739176346,0.649595212953185,0.601900739176346,0.448609644491376,0.498680042238648,0.448609644491376,1.21876099964801,0.912794790566701,0.823653643083421,1.2153291094685,0.812214009151707,0.432154171066525,0.445177754311862,0.445177754311862,0.43558606124604,0.432154171066525,0.218585005279831,0.803150299190425,0.667810630059838,0.306142203449489,0.41182682154171,0.769887363604364,0.695881731784582,0.333773319253784,0.392467441041886,0.681274199225624,0.750879971840901,0.7419922562478,0.821365716297078,1.10902851108764,0.922210489264343,0.837909186906018,0.448609644491376,0.448609644491376,0.448609644491376,0.445177754311862,0.416754663850756,0.555438225976768,0.793382611756423,0.359028511087645,0.199577613516367,0.448609644491376,0.388683562126012,0.495072157690954,0.438049982400563,0.562302006335797,0.543646603308694,0.401355156634987,0.562302006335797,0.448609644491376,0.468673002463921,0.557198169658571,0.361052446321717,0.410946849700809,0.25818373812038,0.691217881027807,0.357268567405842,0.448521647307286,0.389827525519183,0.245600140795494,0.291798662442801,0.648011263639563,0.425026399155227,0.433826117564237,0.357444561774023,0.283790918690601
HEB_01_104,1.34142907426962,0.890003519887363,0.985480464625132,0.925114396339317,0.21770503343893,0.84714889123548,0.226328757479761,0.440865892291446,1.11862020415347,0.329725448785639,0.748328053502288,0.243048222456881,0.341077085533263,0.125307990144315,0.21770503343893,0.21770503343893,0.21770503343893,0.21770503343893,0.246744104188666,0.484952481520591,0.489792326645547,0.21770503343893,0.21770503343893,0.21770503343893,0.21770503343893,0.21770503343893,0.21770503343893,0.21770503343893,0.725008799718409,1.30271031326997,0.21770503343893,0.699753607884547,0.699753607884547,0.550862372404083,1.23416050686378,1.27595916930658,0.831573389651531,0.858148539246744,1.21339317141851,0.71004927842309,0.733720520943329,1.50091498918649,1.38498768039423,1.02983104540655,0.21770503343893,0.699577613516367,0.858148539246744,0.376099964801126,0.858148539246744,0.376099964801126,0.858148539246744,0.21770503343893,0.858148539246744,0.367476240760295,0.877859908482928,0.756599788806758,0.877859908482928,0.21770503343893,0.521207321365716,0.21770503343893,0.649947201689546,0.703009503695881,0.128123900035199,0.646515311510031,0.116684266103485,0.243488208377332,0.214273143259416,0.214273143259416,0.246920098556846,0.243488208377332,0.747976064765927,0.804558254135867,0.542502639915522,0.877771911298838,0.223160858852517,0.876891939457937,1.1619148187258,0.377419922562478,0.46779303062302,1.33738120380148,0.857884547694474,0.891235480464625,0.928370292150651,0.793646603308694,0.796902499120027,0.56476592749032,0.21770503343893,0.21770503343893,0.21770503343893,0.214273143259416,0.523759239704329,0.641323477648715,0.858148539246744,0.423794438577965,0.940161914818726,0.21770503343893,0.358412530799014,0.507039774727208,0.439457937346005,0.289158746920098,0.418338613164378,0.518919394579373,0.289158746920098,0.21770503343893,0.702393523407251,0.305174234424498,0.0879091869060191,0.792502639915523,0.354628651883139,0.164642731432594,1.20344948961633,0.830077437521999,1.10929250263992,0.753871876099965,0.905667018655403,0.501583949313622,0.986096444913762,1.28000703977473,0.823477648715241,0.792062653995072
HEB_01_106,1.23099260823654,0.948521647307285,0.832805350228792,0.909714889123548,0.255103836677226,0.705033438929954,0.200369588173178,0.478264695529743,0.923706441393875,0.367124252023935,0.553414290742696,0.217089053150299,0.251759943681802,0.162706793382612,0.255103836677226,0.255103836677226,0.255103836677226,0.255103836677226,0.220784934882084,0.522351284758887,0.527191129883843,0.255103836677226,0.255103836677226,0.255103836677226,0.255103836677226,0.255103836677226,0.255103836677226,0.255103836677226,0.751847940865892,1.21339317141851,0.255103836677226,0.779391059486096,0.779391059486096,0.609380499824005,1.14484336501232,1.14440337909187,0.911210841253079,0.937785990848292,1.22967265047518,0.673530447025695,0.728880675818373,1.38498768039423,1.34187323240725,1.05667018655403,0.255103836677226,0.736976416754664,0.937785990848292,0.413498768039422,0.937785990848292,0.413498768039422,0.937785990848292,0.255103836677226,0.937785990848292,0.404875043998592,0.915258711721224,0.793998592045054,0.915258711721225,0.255103836677226,0.558606124604012,0.255103836677226,0.729584653291094,0.78264695529743,0.165522703273495,0.72615276311158,0.154083069341781,0.280887011615628,0.251671946497712,0.251671946497712,0.284318901795142,0.280887011615628,0.711457233368532,0.884195705737416,0.579901443153819,0.725096796902499,0.239440337909187,0.935410066877859,1.05147835269271,0.414818725800774,0.452393523407251,1.3114220344949,0.89528335093277,0.970872932066173,0.912970784934882,0.788806758183738,0.665346708905314,0.623284054910242,0.255103836677226,0.255103836677226,0.255103836677226,0.251671946497712,0.561158042942626,0.699841605068637,0.937785990848292,0.418954593453009,0.850844772967265,0.255103836677226,0.385251671946497,0.523319253783878,0.497976064765927,0.368796198521647,0.413498768039422,0.461281239000352,0.368796198521647,0.255103836677226,0.570837733192537,0.374252023935234,0.125307990144315,0.597588877155931,0.328669482576557,0.20204153467089,1.05077437521999,0.825237592397043,0.977736712425202,0.601196761703625,0.752991904259063,0.538982752551918,0.886219640971489,1.12733192537839,0.670802534318901,0.639387539598733
HEB_01_109,0.96031326997536,1.04743048222457,0.562126011967617,0.850228792678634,0.364572333685322,0.444913762759591,0.309838085181274,0.587733192537839,0.568549806406195,0.476592749032031,0.198257655755016,0.263199577613516,0.192273847236888,0.272175290390707,0.364572333685322,0.364572333685322,0.364572333685322,0.364572333685322,0.266895459345301,0.631819781766983,0.636659626891939,0.364572333685322,0.364572333685322,0.364572333685322,0.364572333685322,0.364572333685322,0.364572333685322,0.364572333685322,0.565645899331221,0.921594508975712,0.364572333685322,0.888859556494192,0.888859556494192,0.718848996832101,0.853044702569517,0.852604716649067,1.02067933826118,1.04725448785639,0.969552974304822,0.64572333685322,0.764431538190777,1.02983104540655,1.05667018655403,1.15608051904841,0.364572333685322,0.846444913762759,1.04725448785639,0.522967265047518,1.04725448785639,0.522967265047518,1.04725448785639,0.364572333685322,1.04725448785639,0.450985568461809,0.961369236184441,0.90346708905315,0.961369236184442,0.364572333685322,0.636395635339669,0.364572333685322,0.83905315029919,0.892115452305526,0.274991200281591,0.835621260119676,0.263551566349876,0.390355508623724,0.361140443505807,0.361140443505807,0.393787398803238,0.390355508623724,0.609732488560366,0.993664202745512,0.689369940161914,0.464977120732136,0.327789510735656,1.02375923970433,0.738560366068285,0.52428722280887,0.466825061598029,1.08298134459697,1.00475184794087,1.05922210489264,0.906282998944033,0.813797958465329,0.394667370644139,0.732752551918338,0.364572333685322,0.364572333685322,0.364572333685322,0.361140443505807,0.670626539950721,0.809310102076733,1.04725448785639,0.4439457937346,0.601284758887715,0.364572333685322,0.378563885955649,0.506071805702217,0.501847940865892,0.478264695529743,0.438489968321013,0.380675818373812,0.478264695529743,0.364572333685322,0.36351636747624,0.473160858852516,0.234776487152411,0.24243224216825,0.374780007039774,0.311510031678986,0.737856388595565,0.860788454769447,0.696497712073213,0.288278775079197,0.440073917634635,0.648451249560014,0.626099964801126,0.814413938753959,0.357884547694473,0.326469552974304
HEB_01_112,0.2749032030975,0.414818725800774,0.510295670538542,0.449929602252728,0.840725096796902,0.350844772967265,0.722632875747976,0.683738120380147,0.305526223160858,0.593717001055966,0.442097852868708,0.739352340725096,0.626187961985216,0.748328053502287,0.840725096796902,0.840725096796902,0.840725096796902,0.840725096796902,0.63745160154875,0.432154171066525,0.352516719464977,0.840725096796902,0.840725096796902,0.840725096796902,0.840725096796902,0.840725096796902,0.840725096796902,0.840725096796902,0.629971840901091,0.320661738824357,0.840725096796902,0.520239352340725,0.520239352340725,0.624780007039774,0.37882787750792,0.293910594860964,0.398627243928194,0.425202393523407,0.273583245336149,0.467177050334389,0.448609644491376,0.21770503343893,0.255103836677226,0.364572333685322,0.941939777075362,0.520063357972545,0.425202393523407,0.745688137979584,0.425202393523407,0.745688137979584,0.425202393523407,0.840725096796902,0.425202393523407,0.779303062302006,0.444913762759591,0.49260823653643,0.444913762759591,0.840725096796902,0.616244280183034,0.840725096796902,0.385955649419218,0.502375923970433,0.751143963393171,0.382523759239704,0.739704329461457,0.824269623372052,0.837293206617388,0.837293206617388,0.827701513551566,0.824269623372051,0.568461809222104,0.434970080957409,0.595300950369588,0.592661034846884,0.803942273847237,0.401707145371348,0.433298134459697,0.72588877155931,0.752903907074973,0.228616684266103,0.424938401971137,0.373812038014783,0.220872932066174,0.191745864132347,0.279479056670186,0.364132347764871,0.840725096796902,0.840725096796902,0.840725096796902,0.837293206617388,0.639915522703273,0.567405843013023,0.425202393523407,0.751143963393171,0.507215769095389,0.840725096796902,0.770239352340725,0.707673354452657,0.745688137979584,0.785462865188313,0.745688137979584,0.740672298486448,0.785462865188313,0.840725096796902,0.670714537134811,0.780359028511087,0.710929250263991,0.486272439281943,0.555262231608588,0.787662794790566,0.221400915170714,0.418250615980288,0.253959873284055,0.53211897219289,0.578317493840197,0.617740232312565,0.510911650827173,0.297958465329109,0.643963393171418,0.570309750087997
HEB_01_121,0.756775783174938,0.896691305878211,0.590901091165082,0.678370292150651,0.520063357972545,0.537046814501936,0.401971136923618,0.743224216825061,0.491728264695529,0.632083773319253,0.12143611404435,0.418690601900739,0.305526223160859,0.42766631467793,0.520063357972545,0.520063357972545,0.520063357972545,0.520063357972545,0.422386483632523,0.787310806054206,0.792150651179162,0.520063357972545,0.520063357972545,0.520063357972545,0.520063357972545,0.520063357972545,0.520063357972545,0.520063357972545,0.309310102076733,0.549102428722281,0.520063357972545,0.748680042238648,0.748680042238648,0.72650475184794,0.480552622316086,0.775783174938401,0.880499824005631,0.907074973600844,0.755455825413586,0.357708553326293,0.592573037662794,0.699577613516367,0.736976416754664,0.846444913762759,0.520063357972545,1.06384960905008,0.907074973600844,0.678458289334741,0.907074973600844,0.678458289334741,0.907074973600844,0.520063357972545,0.907074973600844,0.458641323477648,0.926786342837029,0.974480816613868,0.926786342837029,0.520063357972545,0.696849700809574,0.520063357972545,0.698873636043646,0.751935938049982,0.430482224568813,0.695441745864132,0.419042590637099,0.503607884547694,0.51663146779303,0.51663146779303,0.507039774727208,0.503607884547694,0.56458993312214,0.853484688489968,0.823741640267511,0.462073213657163,0.483280535022879,0.883579725448785,0.366068285814854,0.658658922914466,0.432242168250616,0.710489264343541,0.906810982048574,0.85568461809222,0.618268215417106,0.673618444209785,0.3389651531151,0.698169658570925,0.520063357972545,0.520063357972545,0.520063357972545,0.51663146779303,0.826117564237944,0.816965857092573,0.907074973600844,0.430482224568813,0.52446321717705,0.520063357972545,0.534054910242872,0.387011615628299,0.425026399155227,0.464801126363956,0.425026399155227,0.42001055966209,0.464801126363956,0.520063357972545,0.350052798310454,0.45969728968673,0.390267511439634,0.165610700457585,0.530271031326997,0.467001055966209,0.661034846884899,0.857884547694473,0.693593804998239,0.211457233368532,0.36325237592397,0.803942273847236,0.549278423090461,0.737592397043294,0.323301654347061,0.249648011263639
HEB_01_122,0.957585357268567,1.09750087997184,0.559398099260823,0.87917986624428,0.425202393523407,0.442185850052798,0.30711017247448,0.648363252375923,0.396867300246392,0.537222808870116,0.0265751495952129,0.323829637451601,0.210665258711721,0.332805350228792,0.425202393523407,0.425202393523407,0.425202393523407,0.425202393523407,0.327525519183386,0.692449841605068,0.697289686730024,0.425202393523407,0.425202393523407,0.425202393523407,0.425202393523407,0.425202393523407,0.425202393523407,0.425202393523407,0.510119676170362,0.74991200281591,0.425202393523407,0.949489616332277,0.949489616332277,0.779479056670186,0.681362196409715,0.680922210489264,1.08130939809926,1.10788454769447,0.956265399507215,0.537398803238296,0.793382611756423,0.858148539246744,0.937785990848292,1.04725448785639,0.425202393523407,0.907074973600844,1.14396938945267,0.583597324885603,1.10788454769447,0.583597324885603,1.10788454769447,0.425202393523407,1.10788454769447,0.406019007391763,0.916402675114396,0.964097148891235,0.916402675114396,0.425202393523407,0.644227384723688,0.425202393523407,0.899683210137275,0.952745512143611,0.335621260119676,0.896251319957761,0.324181626187962,0.408746920098556,0.421770503343893,0.421770503343893,0.412178810278071,0.408746920098556,0.469728968673002,1.0542942625836,0.728880675818373,0.367212249208025,0.388419570573741,1.08438929954241,0.566877859908483,0.563797958465329,0.337381203801478,0.91129883843717,1.06538190777895,1.05649419218585,0.797958465329109,0.874428018303414,0.391939457937346,0.793382611756423,0.425202393523407,0.425202393523407,0.425202393523407,0.421770503343893,0.731256599788806,0.869940161914818,1.10788454769447,0.335621260119676,0.429602252727912,0.425202393523407,0.439193945793734,0.461105244632172,0.414642731432594,0.538894755367828,0.499120028159099,0.325149595212953,0.538894755367828,0.425202393523407,0.339669130587821,0.533790918690601,0.295406546990496,0.0707497360084477,0.43541006687786,0.372140091517071,0.566173882435762,0.763023583245336,0.598732840549102,0.116596268919395,0.268391411474833,0.709081309398099,0.454417458641323,0.642731432594157,0.228440689897923,0.154787046814502
HEB_01_123,0.433298134459697,0.57321365716297,0.541974656810982,0.35489264343541,0.745688137979584,0.255807814149947,0.627595916930658,0.673178458289334,0.210489264343541,0.604276663146779,0.34706089405139,0.644315381907779,0.531151003167898,0.65329109468497,0.745688137979584,0.745688137979584,0.745688137979584,0.745688137979584,0.648011263639563,0.506071805702217,0.510911650827173,0.745688137979584,0.745688137979584,0.745688137979584,0.745688137979584,0.745688137979584,0.745688137979584,0.745688137979584,0.534934882083773,0.22562478000704,0.745688137979584,0.425202393523407,0.425202393523407,0.67757831749384,0.410506863780359,0.452305526223161,0.55702217529039,0.583597324885603,0.431978176698345,0.372140091517071,0.353572685674058,0.376099964801126,0.413498768039422,0.522967265047518,0.745688137979584,0.678458289334741,0.583597324885603,0.989851938113459,0.583597324885603,0.904083069341781,0.583597324885603,0.745688137979584,0.583597324885603,0.684266103484688,0.603308694121788,0.651003167898627,0.603308694121788,0.745688137979584,0.647923266455473,0.745688137979584,0.375395987328405,0.428458289334741,0.656107004575853,0.371964097148891,0.644667370644139,0.729232664554734,0.74225624780007,0.74225624780007,0.732664554734248,0.729232664554734,0.726856740584301,0.530007039774727,0.50026399155227,0.687697993664202,0.708905315029918,0.560102076733544,0.338261175642379,0.884283702921506,0.657866948257655,0.387011615628299,0.583333333333333,0.53220696937698,0.37926786342837,0.350140795494544,0.290038718760999,0.416930658218937,0.745688137979584,0.745688137979584,0.745688137979584,0.74225624780007,0.798310454065469,0.72580077437522,0.583597324885603,0.656107004575853,0.665610700457585,0.745688137979584,0.675202393523407,0.612636395635339,0.650651179162266,0.690425906370996,0.650651179162266,0.64563533966913,0.690425906370996,0.745688137979584,0.575677578317493,0.685322069693769,0.615892291446673,0.391235480464625,0.713657162970785,0.692625835973248,0.37979584653291,0.576645547342485,0.412354804646251,0.437082013375572,0.58887715593101,0.522703273495248,0.521471312917986,0.456353396691306,0.5489264343541,0.475272791270679
HEB_01_124,0.957585357268567,1.09750087997184,0.559398099260823,0.87917986624428,0.425202393523407,0.442185850052798,0.30711017247448,0.648363252375923,0.396867300246392,0.537222808870116,0.0265751495952129,0.323829637451601,0.210665258711721,0.332805350228792,0.425202393523407,0.425202393523407,0.425202393523407,0.425202393523407,0.327525519183386,0.692449841605068,0.697289686730024,0.425202393523407,0.425202393523407,0.425202393523407,0.425202393523407,0.425202393523407,0.425202393523407,0.425202393523407,0.510119676170362,0.74991200281591,0.425202393523407,0.949489616332277,0.949489616332277,0.779479056670186,0.681362196409715,0.680922210489264,1.08130939809926,1.10788454769447,0.956265399507215,0.537398803238296,0.793382611756423,0.858148539246744,0.937785990848292,1.04725448785639,0.425202393523407,0.907074973600844,1.10788454769447,0.583597324885603,1.14396938945267,0.583597324885603,1.10788454769447,0.425202393523407,1.10788454769447,0.406019007391763,0.916402675114396,0.964097148891235,0.916402675114396,0.425202393523407,0.644227384723688,0.425202393523407,0.899683210137275,0.952745512143611,0.335621260119676,0.896251319957761,0.324181626187962,0.408746920098557,0.421770503343893,0.421770503343893,0.412178810278071,0.408746920098556,0.469728968673002,1.0542942625836,0.728880675818373,0.367212249208025,0.388419570573741,1.08438929954241,0.566877859908483,0.563797958465329,0.337381203801478,0.91129883843717,1.06538190777895,1.05649419218585,0.797958465329109,0.874428018303414,0.391939457937346,0.793382611756423,0.425202393523407,0.425202393523407,0.425202393523407,0.421770503343893,0.731256599788806,0.869940161914818,1.10788454769447,0.335621260119676,0.429602252727912,0.425202393523407,0.439193945793734,0.461105244632172,0.414642731432594,0.538894755367828,0.499120028159099,0.325149595212953,0.538894755367828,0.425202393523407,0.339669130587821,0.533790918690601,0.295406546990496,0.0707497360084475,0.43541006687786,0.372140091517071,0.566173882435762,0.763023583245336,0.598732840549102,0.116596268919394,0.268391411474833,0.709081309398099,0.454417458641323,0.642731432594157,0.228440689897923,0.154787046814502
HEB_01_126,0.433298134459697,0.57321365716297,0.541974656810982,0.35489264343541,0.745688137979584,0.255807814149947,0.627595916930658,0.673178458289334,0.210489264343541,0.604276663146779,0.34706089405139,0.644315381907779,0.531151003167898,0.65329109468497,0.745688137979584,0.745688137979584,0.745688137979584,0.745688137979584,0.648011263639563,0.506071805702217,0.510911650827173,0.745688137979584,0.745688137979584,0.745688137979584,0.745688137979584,0.745688137979584,0.745688137979584,0.745688137979584,0.534934882083773,0.225624780007039,0.745688137979584,0.425202393523407,0.425202393523407,0.67757831749384,0.410506863780359,0.452305526223161,0.55702217529039,0.583597324885603,0.431978176698345,0.372140091517071,0.353572685674058,0.376099964801126,0.413498768039422,0.522967265047518,0.745688137979584,0.678458289334741,0.583597324885603,0.904083069341781,0.583597324885603,0.989851938113459,0.583597324885603,0.745688137979584,0.583597324885603,0.684266103484688,0.603308694121788,0.651003167898627,0.603308694121788,0.745688137979584,0.647923266455473,0.745688137979584,0.375395987328405,0.428458289334741,0.656107004575853,0.371964097148891,0.644667370644139,0.729232664554734,0.74225624780007,0.74225624780007,0.732664554734248,0.729232664554734,0.726856740584301,0.530007039774727,0.50026399155227,0.687697993664202,0.708905315029919,0.560102076733544,0.338261175642379,0.884283702921506,0.657866948257655,0.387011615628299,0.583333333333333,0.53220696937698,0.37926786342837,0.350140795494544,0.290038718760999,0.416930658218937,0.745688137979584,0.745688137979584,0.745688137979584,0.74225624780007,0.798310454065469,0.72580077437522,0.583597324885603,0.656107004575853,0.665610700457585,0.745688137979584,0.675202393523407,0.612636395635339,0.650651179162266,0.690425906370996,0.650651179162266,0.64563533966913,0.690425906370996,0.745688137979584,0.575677578317494,0.685322069693769,0.615892291446673,0.391235480464625,0.713657162970785,0.692625835973248,0.379795846532911,0.576645547342485,0.412354804646251,0.437082013375572,0.58887715593101,0.522703273495248,0.521471312917986,0.456353396691306,0.5489264343541,0.475272791270679
HEB_01_127,0.957585357268567,1.09750087997184,0.559398099260823,0.87917986624428,0.425202393523407,0.442185850052798,0.30711017247448,0.648363252375923,0.396867300246392,0.537222808870116,0.0265751495952129,0.323829637451601,0.210665258711721,0.332805350228792,0.425202393523407,0.425202393523407,0.425202393523407,0.425202393523407,0.327525519183386,0.692449841605068,0.697289686730024,0.425202393523407,0.425202393523407,0.425202393523407,0.425202393523407,0.425202393523407,0.425202393523407,0.425202393523407,0.510119676170362,0.74991200281591,0.425202393523407,0.949489616332277,0.949489616332277,0.779479056670186,0.681362196409715,0.680922210489264,1.08130939809926,1.10788454769447,0.956265399507215,0.537398803238296,0.793382611756423,0.858148539246744,0.937785990848292,1.04725448785639,0.425202393523407,0.907074973600844,1.10788454769447,0.583597324885603,1.10788454769447,0.583597324885603,1.14396938945267,0.425202393523407,1.10788454769447,0.406019007391763,0.916402675114396,0.964097148891235,0.916402675114396,0.425202393523407,0.644227384723688,0.425202393523407,0.899683210137275,0.952745512143611,0.335621260119676,0.896251319957761,0.324181626187962,0.408746920098557,0.421770503343893,0.421770503343893,0.412178810278071,0.408746920098556,0.469728968673002,1.0542942625836,0.728880675818373,0.367212249208025,0.388419570573741,1.08438929954241,0.566877859908483,0.563797958465329,0.337381203801478,0.91129883843717,1.06538190777895,1.05649419218585,0.797958465329109,0.874428018303414,0.391939457937346,0.793382611756423,0.425202393523407,0.425202393523407,0.425202393523407,0.421770503343893,0.731256599788806,0.869940161914818,1.10788454769447,0.335621260119676,0.429602252727912,0.425202393523407,0.439193945793734,0.461105244632172,0.414642731432594,0.538894755367828,0.499120028159099,0.325149595212953,0.538894755367828,0.425202393523407,0.339669130587821,0.533790918690601,0.295406546990496,0.0707497360084475,0.43541006687786,0.372140091517071,0.566173882435762,0.763023583245336,0.598732840549102,0.116596268919394,0.268391411474833,0.709081309398099,0.454417458641323,0.642731432594157,0.228440689897923,0.154787046814502
HEB_01_128,0.2749032030975,0.414818725800774,0.510295670538542,0.449929602252728,0.840725096796902,0.350844772967265,0.722632875747976,0.683738120380147,0.305526223160858,0.593717001055966,0.442097852868708,0.739352340725096,0.626187961985216,0.748328053502287,0.840725096796902,0.840725096796902,0.840725096796902,0.840725096796902,0.63745160154875,0.432154171066525,0.352516719464977,0.840725096796902,0.840725096796902,0.840725096796902,0.840725096796902,0.840725096796902,0.840725096796902,0.840725096796902,0.629971840901091,0.320661738824357,0.840725096796902,0.520239352340725,0.520239352340725,0.624780007039774,0.37882787750792,0.293910594860964,0.398627243928194,0.425202393523407,0.273583245336149,0.467177050334389,0.448609644491376,0.21770503343893,0.255103836677226,0.364572333685322,0.840725096796902,0.520063357972545,0.425202393523407,0.745688137979584,0.425202393523407,0.745688137979584,0.425202393523407,0.941939777075362,0.425202393523407,0.779303062302006,0.444913762759591,0.49260823653643,0.444913762759591,0.840725096796902,0.616244280183034,0.840725096796902,0.385955649419218,0.502375923970433,0.751143963393171,0.382523759239704,0.739704329461457,0.824269623372052,0.837293206617388,0.837293206617388,0.827701513551566,0.824269623372051,0.568461809222104,0.434970080957409,0.595300950369588,0.592661034846884,0.803942273847237,0.401707145371348,0.433298134459697,0.72588877155931,0.752903907074973,0.228616684266103,0.424938401971137,0.373812038014783,0.220872932066174,0.191745864132347,0.279479056670186,0.364132347764871,0.840725096796902,0.840725096796902,0.840725096796902,0.837293206617388,0.639915522703273,0.567405843013023,0.425202393523407,0.751143963393171,0.507215769095389,0.840725096796902,0.770239352340725,0.707673354452657,0.745688137979584,0.785462865188313,0.745688137979584,0.740672298486448,0.785462865188313,0.840725096796902,0.670714537134811,0.780359028511087,0.710929250263991,0.486272439281943,0.555262231608588,0.787662794790566,0.221400915170714,0.418250615980288,0.253959873284055,0.53211897219289,0.578317493840197,0.617740232312565,0.510911650827173,0.297958465329109,0.643963393171418,0.570309750087997
HEB_01_130,0.957585357268567,1.09750087997184,0.559398099260823,0.87917986624428,0.425202393523407,0.442185850052798,0.30711017247448,0.648363252375923,0.396867300246392,0.537222808870116,0.0265751495952129,0.323829637451601,0.210665258711721,0.332805350228792,0.425202393523407,0.425202393523407,0.425202393523407,0.425202393523407,0.327525519183386,0.692449841605068,0.697289686730024,0.425202393523407,0.425202393523407,0.425202393523407,0.425202393523407,0.425202393523407,0.425202393523407,0.425202393523407,0.510119676170362,0.74991200281591,0.425202393523407,0.949489616332277,0.949489616332277,0.779479056670186,0.681362196409715,0.680922210489264,1.08130939809926,1.10788454769447,0.956265399507215,0.537398803238296,0.793382611756423,0.858148539246744,0.937785990848292,1.04725448785639,0.425202393523407,0.907074973600844,1.10788454769447,0.583597324885603,1.10788454769447,0.583597324885603,1.10788454769447,0.425202393523407,1.14396938945267,0.406019007391763,0.916402675114396,0.964097148891235,0.916402675114396,0.425202393523407,0.644227384723688,0.425202393523407,0.899683210137275,0.952745512143611,0.335621260119676,0.896251319957761,0.324181626187962,0.408746920098556,0.421770503343893,0.421770503343893,0.412178810278071,0.408746920098556,0.469728968673002,1.0542942625836,0.728880675818373,0.367212249208025,0.388419570573741,1.08438929954241,0.566877859908483,0.563797958465329,0.337381203801478,0.91129883843717,1.06538190777895,1.05649419218585,0.797958465329109,0.874428018303414,0.391939457937346,0.793382611756423,0.425202393523407,0.425202393523407,0.425202393523407,0.421770503343893,0.731256599788806,0.869940161914818,1.10788454769447,0.335621260119676,0.429602252727912,0.425202393523407,0.439193945793734,0.461105244632172,0.414642731432594,0.538894755367828,0.499120028159099,0.325149595212953,0.538894755367828,0.425202393523407,0.339669130587821,0.533790918690601,0.295406546990496,0.0707497360084477,0.43541006687786,0.372140091517071,0.566173882435762,0.763023583245336,0.598732840549102,0.116596268919395,0.268391411474833,0.709081309398099,0.454417458641323,0.642731432594157,0.228440689897923,0.154787046814502
HEB_01_131,0.255719816965857,0.39563533966913,0.469992960225272,0.430746216121084,0.779303062302006,0.289422738472369,0.661210841253079,0.622316085885251,0.413058782118972,0.53229496656107,0.549630411826821,0.6779303062302,0.56476592749032,0.686906019007391,0.779303062302006,0.779303062302006,0.779303062302006,0.779303062302006,0.576029567053854,0.370732136571629,0.291094684970081,0.779303062302006,0.779303062302006,0.779303062302006,0.779303062302006,0.779303062302006,0.779303062302006,0.779303062302006,0.695265751495952,0.470432946145723,0.779303062302006,0.501055966209081,0.501055966209081,0.584477296726504,0.528599084829285,0.401443153819077,0.37944385779655,0.406019007391763,0.33887715593101,0.616948257655755,0.429426258359732,0.367476240760295,0.404875043998592,0.450985568461809,0.779303062302006,0.458641323477648,0.406019007391763,0.684266103484688,0.406019007391763,0.684266103484688,0.406019007391763,0.779303062302006,0.406019007391763,0.992779903510231,0.594684970080957,0.473424850404787,0.594684970080957,0.779303062302006,0.660418866596269,0.779303062302006,0.366772263287574,0.483192537838789,0.689721928898275,0.36334037310806,0.678282294966561,0.805086237240408,0.775871172122492,0.775871172122492,0.808518127419922,0.805086237240408,0.675994368180218,0.415786694825765,0.554998240056318,0.615716297078493,0.74252023935234,0.382523759239704,0.583069341781063,0.68558606124604,0.860436466033087,0.378387891587469,0.405755015839493,0.439105948609644,0.370644139387539,0.172562478000704,0.239176346356916,0.344948961633227,0.779303062302006,0.779303062302006,0.779303062302006,0.775871172122492,0.578493488208377,0.527103132699753,0.406019007391763,0.858676522351284,0.614748328053502,0.779303062302006,0.708817317845828,0.815205913410771,0.853220696937698,0.724040830693417,0.684266103484688,0.763727560718057,0.724040830693417,0.779303062302006,0.609292502639915,0.718936994016191,0.649507215769095,0.593804998240056,0.493840197113692,0.72624076029567,0.328933474128828,0.504663850756775,0.298134459697289,0.639651531151003,0.68585005279831,0.556318197817669,0.618444209785286,0.405491024287223,0.709257303766279,0.67784230904611
HEB_01_132,0.76610348468849,0.906019007391763,0.557990144315382,0.687697993664202,0.444913762759591,0.461897219288982,0.326821541710665,0.668074621612108,0.585533262935586,0.5569341781063,0.215241112284407,0.343541006687786,0.230376627947905,0.352516719464977,0.444913762759591,0.444913762759591,0.444913762759591,0.444913762759591,0.34723688841957,0.712161210841253,0.717001055966209,0.444913762759591,0.444913762759591,0.444913762759591,0.444913762759591,0.444913762759591,0.444913762759591,0.444913762759591,0.403115100316789,0.727384723688842,0.444913762759591,0.758007743752199,0.7580077437522,0.69359380499824,0.658834917282647,0.869588173178458,0.889827525519183,0.916402675114396,0.849260823653643,0.535990848292854,0.601900739176346,0.877859908482928,0.915258711721224,0.961369236184441,0.444913762759591,0.926786342837029,0.916402675114396,0.603308694121788,0.916402675114396,0.603308694121788,0.916402675114396,0.444913762759591,0.916402675114396,0.594684970080957,1.1418399600732,0.983808518127419,1.10506863780359,0.444913762759591,0.748416050686378,0.444913762759591,0.708201337557198,0.761263639563533,0.35533262935586,0.704769447377683,0.343892995424146,0.470696937697993,0.441481872580077,0.441481872580077,0.474128827877508,0.470696937697993,0.658394931362196,0.86281239000352,0.769711369236184,0.471400915170714,0.408130939809926,0.892907426962337,0.544350580781415,0.604628651883139,0.526047166490672,0.888771559310101,0.916138683562126,0.949489616332277,0.796550510383667,0.682946145723336,0.306054206265399,0.707497360084477,0.444913762759591,0.444913762759591,0.444913762759591,0.441481872580077,0.750967969024991,0.784054910242872,0.916402675114396,0.52428722280887,0.618268215417106,0.444913762759591,0.458905315029919,0.480816613868356,0.518831397395283,0.389651531151003,0.349876803942274,0.429338261175642,0.389651531151003,0.444913762759591,0.274903203097501,0.384547694473777,0.31511791622668,0.259415698697641,0.455121436114044,0.391851460753256,0.754839845124956,0.930570221752903,0.724040830693417,0.305262231608588,0.457057374164026,0.728792678634283,0.643083421330517,0.83139739528335,0.374868004223864,0.343453009503696
HEB_01_133,0.813797958465329,0.953713481168602,0.605684618092221,0.735392467441041,0.49260823653643,0.509591693065822,0.374516015487504,0.715769095388947,0.464273143259415,0.604628651883139,0.0939809926082363,0.391235480464625,0.278071101724745,0.400211193241816,0.49260823653643,0.49260823653643,0.49260823653643,0.49260823653643,0.394931362196409,0.759855684618092,0.764695529743048,0.49260823653643,0.49260823653643,0.49260823653643,0.49260823653643,0.49260823653643,0.49260823653643,0.49260823653643,0.366332277367124,0.606124604012671,0.49260823653643,0.805702217529039,0.805702217529039,0.741288278775079,0.537574797606476,0.748328053502287,0.937521999296022,0.964097148891235,0.812478000703977,0.414730728616684,0.649595212953185,0.756599788806758,0.793998592045054,0.90346708905315,0.49260823653643,0.974480816613868,0.964097148891235,0.651003167898627,0.964097148891235,0.651003167898627,0.964097148891235,0.49260823653643,0.964097148891235,0.473424850404787,0.983808518127419,1.08620861753452,0.98380851812742,0.49260823653643,0.711633227736712,0.49260823653643,0.755895811334037,0.808958113340372,0.403027103132699,0.752463921154523,0.391587469200985,0.47615276311158,0.489176346356916,0.489176346356916,0.479584653291094,0.47615276311158,0.537134811686026,0.910506863780359,0.796286518831397,0.434618092221049,0.455825413586765,0.940601900739176,0.423090461105244,0.631203801478352,0.404787046814502,0.767511439633931,0.963833157338965,0.912706793382611,0.675290390707497,0.730640619500176,0.353748680042238,0.755191833861316,0.49260823653643,0.49260823653643,0.49260823653643,0.489176346356916,0.79866244280183,0.831749384019711,0.964097148891235,0.403027103132699,0.497008095740936,0.49260823653643,0.506599788806758,0.359556494192185,0.397571277719113,0.437346004927842,0.397571277719113,0.392555438225977,0.437346004927842,0.49260823653643,0.32259767687434,0.432242168250616,0.36281239000352,0.138155579021471,0.502815909890883,0.439545934530095,0.633579725448785,0.830429426258359,0.666138683562126,0.184002111932418,0.335797254487856,0.776487152411122,0.521823301654347,0.71013727560718,0.295846532910947,0.222192889827525
HEB_01_134,0.76610348468849,0.906019007391763,0.557990144315382,0.687697993664202,0.444913762759591,0.461897219288982,0.326821541710665,0.668074621612108,0.585533262935586,0.5569341781063,0.215241112284407,0.343541006687786,0.230376627947905,0.352516719464977,0.444913762759591,0.444913762759591,0.444913762759591,0.444913762759591,0.34723688841957,0.712161210841253,0.717001055966209,0.444913762759591,0.444913762759591,0.444913762759591,0.444913762759591,0.444913762759591,0.444913762759591,0.444913762759591,0.403115100316789,0.727384723688842,0.444913762759591,0.758007743752199,0.7580077437522,0.69359380499824,0.658834917282647,0.869588173178458,0.889827525519183,0.916402675114396,0.849260823653643,0.535990848292854,0.601900739176346,0.877859908482928,0.915258711721224,0.961369236184441,0.444913762759591,0.926786342837029,0.916402675114396,0.603308694121788,0.916402675114396,0.603308694121788,0.916402675114396,0.444913762759591,0.916402675114396,0.594684970080957,1.10506863780359,0.983808518127419,1.1418399600732,0.444913762759591,0.748416050686378,0.444913762759591,0.708201337557198,0.761263639563533,0.35533262935586,0.704769447377683,0.343892995424146,0.470696937697993,0.441481872580077,0.441481872580077,0.474128827877508,0.470696937697993,0.658394931362196,0.86281239000352,0.769711369236184,0.471400915170714,0.408130939809926,0.892907426962337,0.544350580781415,0.604628651883139,0.526047166490672,0.888771559310101,0.916138683562126,0.949489616332277,0.796550510383667,0.682946145723336,0.306054206265399,0.707497360084477,0.444913762759591,0.444913762759591,0.444913762759591,0.441481872580077,0.750967969024991,0.784054910242872,0.916402675114396,0.52428722280887,0.618268215417106,0.444913762759591,0.458905315029919,0.480816613868356,0.518831397395283,0.389651531151003,0.349876803942274,0.429338261175642,0.389651531151003,0.444913762759591,0.274903203097501,0.384547694473777,0.31511791622668,0.259415698697641,0.455121436114044,0.391851460753256,0.754839845124956,0.930570221752903,0.724040830693417,0.305262231608588,0.457057374164026,0.728792678634283,0.643083421330517,0.83139739528335,0.374868004223864,0.343453009503696
HEB_01_137,0.2749032030975,0.414818725800774,0.510295670538542,0.449929602252728,0.840725096796902,0.350844772967265,0.722632875747976,0.683738120380147,0.305526223160858,0.593717001055966,0.442097852868708,0.739352340725096,0.626187961985216,0.748328053502287,0.840725096796902,0.840725096796902,0.840725096796902,0.840725096796902,0.63745160154875,0.432154171066525,0.352516719464977,0.840725096796902,0.840725096796902,0.840725096796902,0.840725096796902,0.840725096796902,0.840725096796902,0.840725096796902,0.629971840901091,0.320661738824357,0.840725096796902,0.520239352340725,0.520239352340725,0.624780007039774,0.37882787750792,0.293910594860964,0.398627243928194,0.425202393523407,0.273583245336149,0.467177050334389,0.448609644491376,0.21770503343893,0.255103836677226,0.364572333685322,0.840725096796902,0.520063357972545,0.425202393523407,0.745688137979584,0.425202393523407,0.745688137979584,0.425202393523407,0.840725096796902,0.425202393523407,0.779303062302006,0.444913762759591,0.49260823653643,0.444913762759591,0.941939777075362,0.616244280183034,0.840725096796902,0.385955649419218,0.502375923970433,0.751143963393171,0.382523759239704,0.739704329461457,0.824269623372052,0.837293206617388,0.837293206617388,0.827701513551566,0.824269623372051,0.568461809222104,0.434970080957409,0.595300950369588,0.592661034846884,0.803942273847237,0.401707145371348,0.433298134459697,0.72588877155931,0.752903907074973,0.228616684266103,0.424938401971137,0.373812038014783,0.220872932066174,0.191745864132347,0.279479056670186,0.364132347764871,0.840725096796902,0.840725096796902,0.840725096796902,0.837293206617388,0.639915522703273,0.567405843013023,0.425202393523407,0.751143963393171,0.507215769095389,0.840725096796902,0.770239352340725,0.707673354452657,0.745688137979584,0.785462865188313,0.745688137979584,0.740672298486448,0.785462865188313,0.840725096796902,0.670714537134811,0.780359028511087,0.710929250263991,0.486272439281943,0.555262231608588,0.787662794790566,0.221400915170714,0.418250615980288,0.253959873284055,0.53211897219289,0.578317493840197,0.617740232312565,0.510911650827173,0.297958465329109,0.643963393171418,0.570309750087997
HEB_01_140,0.493928194297782,0.633843717001056,0.507567757831749,0.542238648363252,0.616244280183034,0.379795846532911,0.498152059134107,0.649331221400915,0.545670538542766,0.612108412530799,0.302094332981344,0.514871524111228,0.401707145371348,0.523847236888419,0.616244280183034,0.616244280183034,0.616244280183034,0.616244280183034,0.571365716297078,0.545582541358676,0.634899683210137,0.616244280183034,0.616244280183034,0.616244280183034,0.616244280183034,0.616244280183034,0.616244280183034,0.616244280183034,0.489968321013727,0.497448081661386,0.616244280183034,0.612548398451249,0.612548398451249,0.632611756423794,0.49225624780007,0.681890179514255,0.744368180218233,0.644227384723688,0.66156282998944,0.475008799718409,0.498680042238648,0.521207321365716,0.558606124604012,0.636395635339669,0.616244280183034,0.696849700809574,0.644227384723688,0.647923266455473,0.644227384723688,0.647923266455473,0.644227384723688,0.616244280183034,0.644227384723688,0.660418866596269,0.748416050686378,0.711633227736712,0.748416050686378,0.616244280183034,0.897887206787556,0.616244280183034,0.520503343892995,0.60524463217177,0.526663146779303,0.517071453713481,0.515223512847588,0.620908130939809,0.612812390003519,0.612812390003519,0.624340021119324,0.620908130939809,0.713569165786694,0.68567405843013,0.719288982752551,0.505455825413586,0.706177402323125,0.684090109116508,0.462249208025343,0.70204153467089,0.61290038718761,0.658834917282646,0.707321365716297,0.761791622668074,0.608852516719465,0.537486800422386,0.329549454417458,0.635955649419218,0.616244280183034,0.616244280183034,0.616244280183034,0.612812390003519,0.668866596268919,0.649155227032735,0.644227384723688,0.611140443505807,0.599524815205913,0.616244280183034,0.587997184090109,0.567669834565294,0.605684618092221,0.560982048574445,0.521207321365716,0.558430130235832,0.560982048574445,0.616244280183034,0.446233720520943,0.555878211897219,0.486448433650123,0.346268919394579,0.60533262935586,0.563181978176698,0.588261175642379,0.77455121436114,0.58914114748328,0.497712073213657,0.554470256951777,0.646691305878211,0.550422386483632,0.664818725800774,0.482840549102428,0.55702217529039
HEB_01_328,0.2749032030975,0.414818725800774,0.510295670538542,0.449929602252728,0.840725096796902,0.350844772967265,0.722632875747976,0.683738120380147,0.305526223160859,0.593717001055966,0.442097852868708,0.739352340725096,0.626187961985216,0.748328053502287,0.840725096796902,0.840725096796902,0.840725096796902,0.840725096796902,0.63745160154875,0.432154171066525,0.352516719464977,0.840725096796902,0.840725096796902,0.840725096796902,0.840725096796902,0.840725096796902,0.840725096796902,0.840725096796902,0.629971840901091,0.320661738824357,0.840725096796902,0.520239352340725,0.520239352340725,0.624780007039774,0.37882787750792,0.293910594860964,0.398627243928194,0.425202393523407,0.273583245336149,0.467177050334389,0.448609644491376,0.21770503343893,0.255103836677226,0.364572333685322,0.840725096796902,0.520063357972545,0.425202393523407,0.745688137979584,0.425202393523407,0.745688137979584,0.425202393523407,0.840725096796902,0.425202393523407,0.779303062302006,0.444913762759591,0.49260823653643,0.444913762759591,0.840725096796902,0.616244280183034,0.941939777075362,0.385955649419218,0.502375923970433,0.751143963393171,0.382523759239704,0.739704329461457,0.824269623372051,0.837293206617388,0.837293206617388,0.827701513551566,0.824269623372051,0.568461809222104,0.434970080957409,0.595300950369588,0.592661034846884,0.803942273847236,0.401707145371348,0.433298134459697,0.72588877155931,0.752903907074973,0.228616684266103,0.424938401971136,0.373812038014783,0.220872932066174,0.191745864132348,0.279479056670186,0.364132347764871,0.840725096796902,0.840725096796902,0.840725096796902,0.837293206617388,0.639915522703273,0.567405843013023,0.425202393523407,0.751143963393171,0.507215769095389,0.840725096796902,0.770239352340725,0.707673354452657,0.745688137979584,0.785462865188313,0.745688137979584,0.740672298486448,0.785462865188313,0.840725096796902,0.670714537134811,0.780359028511087,0.710929250263991,0.486272439281943,0.555262231608588,0.787662794790566,0.221400915170714,0.418250615980288,0.253959873284055,0.532118972192889,0.578317493840197,0.617740232312565,0.510911650827173,0.297958465329109,0.643963393171418,0.570309750087997
HEB_10_003,0.791622668074621,0.889299542414642,0.477912706793382,0.861052446321717,0.385955649419218,1.07875747976065,0.605772615276311,0.609116508271735,0.737768391411474,1.00483984512496,0.663146779303062,0.580253431890179,0.84723688841957,0.610348468848996,0.385955649419218,0.385955649419218,0.385955649419218,0.385955649419218,0.87961985216473,1.16006687785991,0.784758887715593,0.385955649419218,0.385955649419218,0.385955649419218,0.385955649419218,0.385955649419218,0.385955649419218,0.385955649419218,0.470872932066174,0.710665258711721,0.385955649419218,0.910242872228088,0.910242872228088,0.655755015839493,0.557638155579021,0.472720872932066,0.873108060542062,0.899683210137275,0.748064061950017,1.08949313621964,1.21876099964801,0.649947201689545,0.729584653291094,0.83905315029919,0.385955649419218,0.698873636043646,0.899683210137275,0.375395987328405,0.899683210137275,0.375395987328405,0.899683210137275,0.385955649419218,0.899683210137275,0.366772263287575,0.708201337557198,0.755895811334037,0.708201337557198,0.385955649419218,0.520503343892995,0.385955649419218,1.46790883380469,0.934618092221049,0.866596268919394,1.53282294966561,0.960753255895811,0.369500175994368,0.382523759239704,0.382523759239704,0.372932066173882,0.369500175994368,0.261527631115804,0.909450897571277,0.689633931714185,0.222368884195706,0.349172826469553,0.876187961985216,0.527631115804294,0.355596620908131,0.298134459697289,0.703097500879971,0.857180570221753,0.848292854628651,0.906546990496303,1.34204505455825,0.94403379091869,0.880851812741992,0.385955649419218,0.385955649419218,0.385955649419218,0.382523759239704,0.523055262231608,0.66173882435762,0.899683210137275,0.296374516015487,0.221400915170714,0.385955649419218,0.399947201689546,0.421858500527983,0.375395987328405,0.499648011263639,0.45987328405491,0.285902851108764,0.499648011263639,0.385955649419218,0.300422386483632,0.494544174586413,0.425114396339317,0.284934882083773,0.396163322773671,0.670802534318902,0.357972544878564,0.554822245688138,0.390531502991904,0.0773495248152057,0.14466737064414,0.66983456529391,0.33069341781063,0.434530095036958,0.189193945793735,0.115540302710313
HEB_10_006,0.844684970080957,0.942361844420978,0.562653995072157,0.956353396691305,0.502375923970433,0.582717353044702,0.405403027103132,0.641059486096444,0.526839141147483,0.561598028863076,0.167106652587117,0.443241816261879,0.351196761703625,0.420538542766631,0.502375923970433,0.502375923970433,0.502375923970433,0.502375923970433,0.351900739176346,0.632347764871524,0.563269975360788,0.502375923970433,0.502375923970433,0.502375923970433,0.502375923970433,0.502375923970433,0.502375923970433,0.502375923970433,0.587293206617388,0.827085533262935,0.502375923970433,1.0266631467793,1.0266631467793,0.719376979936642,0.642379443857796,0.525783174938402,0.926170362548398,0.952745512143611,0.801126363956353,0.667370644139387,0.912794790566701,0.703009503695881,0.78264695529743,0.892115452305526,0.502375923970433,0.751935938049982,0.952745512143611,0.428458289334741,0.952745512143611,0.428458289334741,0.952745512143611,0.502375923970433,0.952745512143611,0.483192537838789,0.761263639563533,0.808958113340372,0.761263639563533,0.502375923970433,0.60524463217177,0.502375923970433,0.934618092221049,1.11695225420063,0.465593101020767,0.941745864132347,0.44359380499824,0.496480112636395,0.509503695881731,0.509503695881731,0.489352340725096,0.496480112636395,0.31458993312214,0.9519535374868,0.806054206265399,0.264871524111228,0.465593101020767,0.929250263991552,0.644051390355508,0.408658922914466,0.414554734248504,0.756159802886307,0.910242872228088,0.901355156634987,0.65337909186906,0.78264695529743,0.437434002111932,0.754399859204505,0.502375923970433,0.502375923970433,0.502375923970433,0.509503695881731,0.576117564237944,0.714801126363956,0.952745512143611,0.423354452657515,0.27446321717705,0.502375923970433,0.526927138331573,0.538278775079197,0.491816261879619,0.616068285814854,0.576293558606124,0.402323125659979,0.616068285814854,0.502375923970433,0.416842661034847,0.610964449137627,0.393699401619148,0.211281239000352,0.301390355508623,0.45987328405491,0.411034846884899,0.607884547694473,0.44359380499824,0.19376979936642,0.25052798310454,0.786254839845124,0.436554030271031,0.487592397043294,0.305614220344949,0.231960577261527
HEB_10_007,0.227560718057022,0.325237592397043,0.462953185498064,0.381467793030623,0.751143963393171,0.852604716649067,0.907602956705385,0.594156986976416,0.56441393875396,1.03211897219289,0.94385779655051,0.945441745864132,1.12794790566702,0.933298134459697,0.751143963393171,0.751143963393171,0.751143963393171,0.751143963393171,1.11809222104893,0.849436818021823,0.474128827877508,0.751143963393171,0.751143963393171,0.751143963393171,0.751143963393171,0.751143963393171,0.751143963393171,0.751143963393171,0.54039070749736,0.231080605420626,0.751143963393171,0.430658218936994,0.430658218936994,0.535198873636043,0.289246744104189,0.204329461457233,0.309046110524463,0.335621260119676,0.184002111932418,0.916138683562126,0.823653643083421,0.128123900035199,0.165522703273495,0.274991200281591,0.751143963393171,0.430482224568813,0.335621260119676,0.656107004575853,0.335621260119676,0.656107004575853,0.335621260119676,0.751143963393171,0.335621260119676,0.689721928898275,0.35533262935586,0.403027103132699,0.35533262935586,0.751143963393171,0.526663146779303,0.751143963393171,0.866596268919394,0.465593101020767,1.20572284145733,0.873724040830693,1.22034494896163,0.745248152059134,0.75827173530447,0.75827173530447,0.738120380147835,0.745248152059134,0.478880675818373,0.345388947553678,0.505719816965857,0.503079901443154,0.714361140443505,0.312126011967617,0.343717001055966,0.636307638155579,0.663322773671242,0.139035550862373,0.335357268567405,0.284230904611052,0.405843013023583,0.693505807814149,0.781239000351988,0.506863780359028,0.751143963393171,0.751143963393171,0.751143963393171,0.75827173530447,0.550334389299542,0.477824709609292,0.335621260119676,0.672122492080253,0.417634635691658,0.751143963393171,0.691217881027807,0.618092221048926,0.656107004575853,0.695881731784582,0.656107004575853,0.651091165082717,0.695881731784582,0.751143963393171,0.58113340373108,0.690777895107356,0.748064061950017,0.607884547694473,0.592397043294614,1.02543118620204,0.131819781766983,0.328669482576557,0.164378739880324,0.442537838789158,0.488736360436466,0.528159098908835,0.421330517423442,0.208377331925378,0.554382259767687,0.480728616684266
HEB_10_008,0.788190777895107,0.885867652235128,0.474480816613868,0.857620556142203,0.382523759239704,1.09644491376276,0.623460049278423,0.605684618092221,0.744896163322773,1.00140795494544,0.680834213305174,0.576821541710665,0.864924322421682,0.617476240760295,0.382523759239704,0.382523759239704,0.382523759239704,0.382523759239704,0.876187961985216,1.17775431186202,0.802446321717705,0.382523759239704,0.382523759239704,0.382523759239704,0.382523759239704,0.382523759239704,0.382523759239704,0.382523759239704,0.467441041886659,0.707233368532207,0.382523759239704,0.906810982048574,0.906810982048574,0.652323125659978,0.554206265399507,0.469288982752552,0.869676170362548,0.896251319957761,0.744632171770503,1.09662090813094,1.2153291094685,0.646515311510031,0.72615276311158,0.835621260119676,0.382523759239704,0.695441745864132,0.896251319957761,0.371964097148891,0.896251319957761,0.371964097148891,0.896251319957761,0.382523759239704,0.896251319957761,0.36334037310806,0.704769447377683,0.752463921154523,0.704769447377684,0.382523759239704,0.517071453713481,0.382523759239704,1.53282294966561,0.941745864132347,0.873724040830693,1.47070370986525,0.957321365716297,0.376627947905667,0.389651531151003,0.389651531151003,0.369500175994368,0.376627947905667,0.25809574093629,0.906019007391763,0.686202041534671,0.218936994016191,0.345740936290038,0.872756071805702,0.52419922562478,0.352164730728616,0.294702569517775,0.699665610700457,0.853748680042238,0.844860964449137,0.913674762407602,1.35973248856037,0.961721224920803,0.898539246744104,0.382523759239704,0.382523759239704,0.382523759239704,0.389651531151003,0.519623372052094,0.658306934178106,0.896251319957761,0.303502287926786,0.2179690249912,0.382523759239704,0.407074973600844,0.418426610348469,0.371964097148891,0.496216121084125,0.456441393875396,0.28247096092925,0.496216121084125,0.382523759239704,0.296990496304118,0.491112284406899,0.442801830341429,0.302622316085885,0.413850756775783,0.6779303062302,0.354540654699049,0.551390355508623,0.387099612812389,0.0739176346356914,0.141235480464625,0.666402675114396,0.327261527631115,0.431098204857444,0.18576205561422,0.112108412530799
HEB_10_010,0.216121084125308,0.313797958465329,0.45151355156635,0.370028159098908,0.739704329461457,0.925642379443858,0.959521295318549,0.582717353044702,0.584653291094685,1.08403731080605,1.0168954593453,0.934002111932417,1.20098556846181,0.964097148891235,0.739704329461457,0.739704329461457,0.739704329461457,0.739704329461457,1.21224920802534,0.922474480816613,0.547166490672298,0.739704329461457,0.739704329461457,0.739704329461457,0.739704329461457,0.739704329461457,0.739704329461457,0.739704329461457,0.528951073565646,0.219640971488912,0.739704329461457,0.419218585005279,0.419218585005279,0.523759239704329,0.277807110172474,0.192889827525519,0.297606476592749,0.324181626187962,0.172562478000704,0.957497360084477,0.812214009151707,0.116684266103485,0.154083069341781,0.263551566349876,0.739704329461457,0.419042590637099,0.324181626187962,0.644667370644139,0.324181626187962,0.644667370644139,0.324181626187962,0.739704329461457,0.324181626187962,0.678282294966561,0.343892995424146,0.391587469200985,0.343892995424146,0.739704329461457,0.515223512847588,0.739704329461457,0.960753255895811,0.44359380499824,1.22034494896163,0.957321365716297,1.30021627017135,0.723248856036606,0.736272439281943,0.736272439281943,0.726680746216121,0.723248856036606,0.467441041886659,0.333949313621964,0.494280183034143,0.491640267511439,0.702921506511791,0.300686378035902,0.332277367124252,0.624868004223864,0.651883139739528,0.127595916930658,0.323917634635691,0.272791270679338,0.436642027455121,0.76654347060894,0.854276663146779,0.474304822245688,0.739704329461457,0.739704329461457,0.739704329461457,0.736272439281943,0.538894755367828,0.466385075677578,0.324181626187962,0.650123196057726,0.406195001759943,0.739704329461457,0.669218585005279,0.606652587117212,0.644667370644139,0.684442097852868,0.644667370644139,0.639651531151003,0.684442097852868,0.739704329461457,0.569693769799366,0.679338261175642,0.778863076381555,0.638683562126012,0.623196057726152,1.02455121436114,0.120380147835269,0.317229848644843,0.152939105948609,0.431098204857444,0.477296726504752,0.51671946497712,0.409890883491728,0.196937697993664,0.542942625835973,0.469288982752551
HEB_10_014,0.25844772967265,0.398363252375924,0.493840197113692,0.433474128827877,0.824269623372051,0.35550862372404,0.727296726504751,0.667282646955297,0.341869060190074,0.577261527631115,0.489000351988736,0.722896867300246,0.630851812741992,0.74243224216825,0.824269623372051,0.824269623372051,0.824269623372051,0.824269623372051,0.6209961281239,0.436818021823301,0.357180570221753,0.824269623372051,0.824269623372051,0.824269623372051,0.824269623372051,0.824269623372051,0.824269623372051,0.824269623372051,0.634635691657866,0.346444913762759,0.824269623372051,0.503783878915874,0.503783878915874,0.608324533614924,0.404611052446322,0.319693769799366,0.382171770503343,0.408746920098556,0.278247096092925,0.503519887363604,0.432154171066525,0.243488208377332,0.280887011615628,0.390355508623724,0.824269623372051,0.503607884547694,0.408746920098556,0.729232664554734,0.408746920098556,0.729232664554734,0.408746920098556,0.824269623372051,0.408746920098556,0.805086237240408,0.470696937697993,0.47615276311158,0.470696937697993,0.824269623372051,0.620908130939809,0.824269623372051,0.369500175994368,0.496480112636395,0.745248152059134,0.376627947905667,0.723248856036606,0.956978872067876,0.83139739528335,0.83139739528335,0.853484688489968,0.860612460401267,0.594244984160506,0.418514607532559,0.599964801126364,0.59732488560366,0.787486800422386,0.385251671946497,0.459081309398099,0.730552622316085,0.778687082013375,0.254399859204505,0.408482928546286,0.399595212953185,0.257215769095389,0.196409714889123,0.284142907426962,0.368796198521647,0.824269623372051,0.824269623372051,0.824269623372051,0.83139739528335,0.623460049278423,0.550950369588173,0.408746920098556,0.787486800422386,0.53299894403379,0.824269623372051,0.764343541006687,0.733456529391059,0.771471312917986,0.769007391763463,0.729232664554734,0.745336149243224,0.769007391763463,0.824269623372051,0.654259063709961,0.763903555086237,0.715593101020767,0.533174938401971,0.559926082365364,0.781766983456529,0.247184090109116,0.44403379091869,0.25862372404083,0.557902147131291,0.604100668778599,0.601284758887715,0.536694825765575,0.323741640267511,0.627507919746568,0.596092925026399
HEB_10_018,0.271471312917986,0.41138683562126,0.506863780359028,0.446497712073213,0.837293206617388,0.368532206969377,0.740320309750088,0.680306230200633,0.312653995072157,0.590285110876452,0.45978528687082,0.735920450545582,0.643875395987328,0.755455825413586,0.837293206617388,0.837293206617388,0.837293206617388,0.837293206617388,0.634019711369236,0.449841605068638,0.370204153467089,0.837293206617388,0.837293206617388,0.837293206617388,0.837293206617388,0.837293206617388,0.837293206617388,0.837293206617388,0.626539950721577,0.317229848644843,0.837293206617388,0.51680746216121,0.516807462161211,0.62134811686026,0.375395987328405,0.29047870468145,0.39519535374868,0.421770503343893,0.270151355156635,0.474304822245688,0.445177754311862,0.214273143259415,0.251671946497712,0.361140443505807,0.837293206617388,0.51663146779303,0.421770503343893,0.74225624780007,0.421770503343893,0.74225624780007,0.421770503343893,0.837293206617388,0.421770503343893,0.775871172122492,0.441481872580077,0.489176346356916,0.441481872580077,0.837293206617388,0.612812390003519,0.837293206617388,0.382523759239704,0.509503695881731,0.75827173530447,0.389651531151003,0.736272439281943,0.831397395283351,0.944734653135918,0.844420978528687,0.824269623372052,0.83139739528335,0.56502991904259,0.431538190777895,0.591869060190074,0.58922914466737,0.800510383667722,0.398275255191833,0.429866244280183,0.722456881379795,0.749472016895459,0.225184794086589,0.421506511791622,0.370380147835269,0.228000703977472,0.209433298134459,0.297166490672298,0.381819781766983,0.837293206617388,0.837293206617388,0.837293206617388,0.844420978528687,0.636483632523759,0.563973952833509,0.421770503343893,0.75827173530447,0.503783878915874,0.837293206617388,0.777367124252023,0.704241464273143,0.74225624780007,0.782030975008799,0.74225624780007,0.737240408306934,0.782030975008799,0.837293206617388,0.667282646955297,0.776927138331573,0.728616684266103,0.503959873284055,0.5729496656107,0.794790566701865,0.2179690249912,0.414818725800774,0.25052798310454,0.528687082013375,0.574885603660683,0.614308342133051,0.507479760647659,0.294526575149595,0.640531502991904,0.566877859908482
HEB_10_020,0.271471312917986,0.41138683562126,0.506863780359028,0.446497712073213,0.837293206617388,0.368532206969377,0.740320309750088,0.680306230200633,0.312653995072157,0.590285110876452,0.45978528687082,0.735920450545582,0.643875395987328,0.755455825413586,0.837293206617388,0.837293206617388,0.837293206617388,0.837293206617388,0.634019711369236,0.449841605068638,0.370204153467089,0.837293206617388,0.837293206617388,0.837293206617388,0.837293206617388,0.837293206617388,0.837293206617388,0.837293206617388,0.626539950721577,0.317229848644843,0.837293206617388,0.51680746216121,0.516807462161211,0.62134811686026,0.375395987328405,0.29047870468145,0.39519535374868,0.421770503343893,0.270151355156635,0.474304822245688,0.445177754311862,0.214273143259415,0.251671946497712,0.361140443505807,0.837293206617388,0.51663146779303,0.421770503343893,0.74225624780007,0.421770503343893,0.74225624780007,0.421770503343893,0.837293206617388,0.421770503343893,0.775871172122492,0.441481872580077,0.489176346356916,0.441481872580077,0.837293206617388,0.612812390003519,0.837293206617388,0.382523759239704,0.509503695881731,0.75827173530447,0.389651531151003,0.736272439281943,0.831397395283351,0.844420978528687,0.944734653135918,0.824269623372052,0.83139739528335,0.56502991904259,0.431538190777895,0.591869060190074,0.58922914466737,0.800510383667722,0.398275255191833,0.429866244280183,0.722456881379795,0.749472016895459,0.225184794086589,0.421506511791622,0.370380147835269,0.228000703977472,0.209433298134459,0.297166490672298,0.381819781766983,0.837293206617388,0.837293206617388,0.837293206617388,0.844420978528687,0.636483632523759,0.563973952833509,0.421770503343893,0.75827173530447,0.503783878915874,0.837293206617388,0.777367124252023,0.704241464273143,0.74225624780007,0.782030975008799,0.74225624780007,0.737240408306934,0.782030975008799,0.837293206617388,0.667282646955297,0.776927138331573,0.728616684266103,0.503959873284055,0.5729496656107,0.794790566701865,0.2179690249912,0.414818725800774,0.25052798310454,0.528687082013375,0.574885603660683,0.614308342133051,0.507479760647659,0.294526575149595,0.640531502991904,0.566877859908482
HEB_10_022,0.261879619852164,0.401795142555438,0.497272087293206,0.436906019007391,0.827701513551566,0.337821189721929,0.70960929250264,0.670714537134811,0.334741288278775,0.58069341781063,0.471312917986624,0.72632875747976,0.61316437873988,0.735304470256951,0.827701513551566,0.827701513551566,0.827701513551566,0.827701513551566,0.624428018303414,0.419130587821189,0.339493136219641,0.827701513551566,0.827701513551566,0.827701513551566,0.827701513551566,0.827701513551566,0.827701513551566,0.827701513551566,0.638067581837381,0.349876803942274,0.827701513551566,0.507215769095389,0.507215769095389,0.611756423794438,0.408042942625836,0.32312565997888,0.385603660682858,0.412178810278071,0.281678986272439,0.496392115452305,0.43558606124604,0.246920098556846,0.284318901795142,0.393787398803238,0.827701513551566,0.507039774727208,0.412178810278071,0.732664554734248,0.412178810278071,0.732664554734248,0.412178810278071,0.827701513551566,0.412178810278071,0.808518127419922,0.474128827877507,0.479584653291094,0.474128827877508,0.827701513551566,0.624340021119324,0.827701513551566,0.372932066173882,0.489352340725096,0.738120380147835,0.369500175994368,0.726680746216121,0.853484688489968,0.824269623372051,0.824269623372051,0.95418399600732,0.853484688489968,0.597676874340021,0.421946497712073,0.603396691305878,0.600756775783175,0.7909186906019,0.388683562126012,0.462513199577613,0.7339845124956,0.782118972192889,0.257831749384019,0.4119148187258,0.403027103132699,0.25008799718409,0.178722280887011,0.26645547342485,0.351108764519535,0.827701513551566,0.827701513551566,0.827701513551566,0.824269623372052,0.626891939457937,0.554382259767687,0.412178810278071,0.780359028511087,0.536430834213305,0.827701513551566,0.757215769095389,0.736888419570573,0.7749032030975,0.772439281942977,0.732664554734248,0.748768039422738,0.772439281942977,0.827701513551566,0.657690953889475,0.767335445265751,0.697905667018655,0.515487504399859,0.542238648363252,0.77463921154523,0.25061598028863,0.447465681098205,0.262055614220344,0.561334037310806,0.607532558958113,0.604716649067229,0.540126715945089,0.327173530447025,0.630939809926082,0.599524815205913
HEB_10_025,0.25844772967265,0.398363252375924,0.493840197113692,0.433474128827877,0.824269623372051,0.355508623724041,0.727296726504751,0.667282646955297,0.341869060190074,0.577261527631115,0.489000351988736,0.722896867300246,0.630851812741992,0.74243224216825,0.824269623372052,0.824269623372051,0.824269623372051,0.824269623372052,0.6209961281239,0.436818021823301,0.357180570221753,0.824269623372051,0.824269623372051,0.824269623372052,0.824269623372051,0.824269623372051,0.824269623372052,0.824269623372051,0.634635691657866,0.346444913762759,0.824269623372051,0.503783878915874,0.503783878915874,0.608324533614924,0.404611052446322,0.319693769799366,0.382171770503343,0.408746920098556,0.278247096092925,0.503519887363604,0.432154171066525,0.243488208377332,0.280887011615628,0.390355508623724,0.824269623372052,0.503607884547694,0.408746920098556,0.729232664554734,0.408746920098556,0.729232664554734,0.408746920098557,0.824269623372051,0.408746920098556,0.805086237240408,0.470696937697993,0.47615276311158,0.470696937697993,0.824269623372051,0.620908130939809,0.824269623372052,0.369500175994368,0.496480112636395,0.745248152059134,0.376627947905667,0.723248856036606,0.860612460401267,0.83139739528335,0.83139739528335,0.853484688489968,0.956978872067876,0.594244984160506,0.418514607532559,0.599964801126364,0.59732488560366,0.787486800422386,0.385251671946497,0.459081309398099,0.730552622316085,0.778687082013375,0.254399859204505,0.408482928546286,0.399595212953185,0.257215769095389,0.196409714889123,0.284142907426962,0.368796198521647,0.824269623372052,0.824269623372051,0.824269623372051,0.831397395283351,0.623460049278423,0.550950369588173,0.408746920098557,0.787486800422386,0.53299894403379,0.824269623372052,0.764343541006687,0.733456529391059,0.771471312917986,0.769007391763463,0.729232664554734,0.745336149243224,0.769007391763463,0.824269623372051,0.654259063709961,0.763903555086237,0.715593101020767,0.533174938401971,0.559926082365364,0.781766983456529,0.247184090109116,0.44403379091869,0.25862372404083,0.557902147131291,0.604100668778599,0.601284758887715,0.536694825765575,0.323741640267511,0.627507919746568,0.596092925026399
HEB_10_040,0.509503695881731,0.469904963041182,0.586501231960577,0.325501583949313,0.568461809222104,0.332013375571981,0.513727560718057,0.559310102076733,0.709081309398099,0.522087293206617,0.655579021471313,0.467089053150299,0.459521295318549,0.47606476592749,0.568461809222104,0.568461809222104,0.568461809222104,0.568461809222104,0.576381555790214,0.392203449489616,0.523759239704329,0.568461809222104,0.568461809222104,0.568461809222104,0.568461809222104,0.568461809222104,0.568461809222104,0.568461809222104,0.663938753959873,0.597500879971841,0.568461809222104,0.311334037310806,0.311334037310806,0.532030975008799,0.75070397747272,0.950897571277719,0.569869764167546,0.469728968673002,0.698257655755015,0.490584301302358,0.218585005279831,0.747976064765927,0.711457233368532,0.609732488560366,0.568461809222104,0.56458993312214,0.469728968673002,0.726856740584301,0.469728968673002,0.726856740584301,0.469728968673002,0.568461809222104,0.469728968673002,0.675994368180218,0.658394931362196,0.537134811686026,0.658394931362196,0.568461809222104,0.713569165786694,0.568461809222104,0.261527631115804,0.31458993312214,0.478880675818373,0.25809574093629,0.467441041886659,0.594244984160506,0.56502991904259,0.56502991904259,0.597676874340021,0.594244984160506,1.15301946431542,0.479496656107004,0.470872932066173,0.869500175994368,0.658394931362196,0.509591693065822,0.646779303062302,0.791534670890531,0.786870820133755,0.885603660682858,0.53282294966561,0.62953185498064,0.624428018303414,0.362988384371699,0.397923266455473,0.398099260823653,0.568461809222104,0.568461809222104,0.568461809222104,0.56502991904259,0.684442097852868,0.611932418162618,0.469728968673002,0.77455121436114,1.10084477296726,0.568461809222104,0.614132347764871,0.604364660330869,0.726856740584301,0.513199577613516,0.473424850404787,0.700721576909539,0.513199577613516,0.568461809222104,0.630763815557902,0.50809574093629,0.438665962689193,0.699753607884547,0.705385427666314,0.515399507215769,0.878387891587469,0.864044350580781,0.784230904611052,0.851196761703625,0.960753255895811,0.408834917282646,0.861668426610348,0.954945441745864,0.815205913410771,0.910506863780358
HEB_10_043,0.90399507215769,1.04391059486096,0.537486800422386,0.888947553678282,0.434970080957409,0.4519535374868,0.316877859908483,0.658130939809926,0.469992960225273,0.546990496304118,0.036342837029215,0.333597324885603,0.220432946145723,0.342573037662794,0.434970080957409,0.434970080957409,0.434970080957409,0.434970080957409,0.358412530799014,0.670538542766631,0.707057374164026,0.434970080957409,0.434970080957409,0.434970080957409,0.434970080957409,0.434970080957409,0.434970080957409,0.434970080957409,0.519887363604364,0.759679690249912,0.434970080957409,0.959257303766279,0.959257303766279,0.757567757831749,0.659450897571278,0.690689897923266,1.09107708553326,1.0542942625836,0.966033086941217,0.547166490672298,0.803150299190425,0.804558254135867,0.884195705737416,0.993664202745512,0.434970080957409,0.853484688489968,1.0542942625836,0.530007039774727,1.0542942625836,0.530007039774727,1.0542942625836,0.434970080957409,1.0542942625836,0.415786694825765,0.86281239000352,0.910506863780358,0.86281239000352,0.434970080957409,0.68567405843013,0.434970080957409,0.909450897571277,0.9519535374868,0.345388947553678,0.906019007391763,0.333949313621964,0.418514607532559,0.431538190777895,0.431538190777895,0.421946497712073,0.418514607532559,0.479496656107004,1.11083014473465,0.770327349524815,0.345300950369588,0.461545230552622,1.06247800070398,0.576645547342485,0.541886659626891,0.34714889123548,0.921066525871172,1.04347060894051,1.06626187961985,0.807726152763111,0.884195705737416,0.401707145371348,0.834829285462865,0.434970080957409,0.434970080957409,0.434970080957409,0.431538190777895,0.67766631467793,0.816349876803942,1.0542942625836,0.345388947553678,0.407690953889475,0.434970080957409,0.448961633227736,0.470872932066173,0.424410418866596,0.54866244280183,0.508887715593101,0.334917282646955,0.54866244280183,0.434970080957409,0.349436818021823,0.543558606124604,0.305174234424498,0.0805174234424499,0.445177754311862,0.381907778951073,0.575941569869764,0.772791270679338,0.608500527983104,0.179162266807462,0.278159098908835,0.718848996832101,0.432506159802886,0.652499120028159,0.238208377331925,0.227912706793382
HEB_10_045,0.578581485392467,0.71849700809574,0.539422738472369,0.753607884547694,0.595300950369588,0.612284406898979,0.477208729320661,0.7339845124956,0.651443153819077,0.633403731080605,0.21779303062302,0.493928194297782,0.380763815557902,0.502903907074973,0.595300950369588,0.595300950369588,0.595300950369588,0.595300950369588,0.444825765575501,0.69359380499824,0.67731432594157,0.595300950369588,0.595300950369588,0.595300950369588,0.595300950369588,0.595300950369588,0.595300950369588,0.595300950369588,0.39510735656459,0.64545934530095,0.595300950369588,0.823917634635691,0.823917634635691,0.6539070749736,0.450193593804998,0.682066173882435,0.765663498768039,0.728880675818373,0.651179162266807,0.454065469904963,0.667810630059838,0.542502639915522,0.579901443153819,0.689369940161914,0.595300950369588,0.823741640267511,0.728880675818373,0.50026399155227,0.728880675818373,0.50026399155227,0.728880675818373,0.595300950369588,0.728880675818373,0.554998240056318,0.769711369236184,0.796286518831397,0.769711369236184,0.595300950369588,0.719288982752551,0.595300950369588,0.689633931714185,0.806054206265399,0.505719816965857,0.686202041534671,0.494280183034143,0.599964801126364,0.591869060190074,0.591869060190074,0.603396691305878,0.599964801126364,0.470872932066173,0.770327349524815,1.01793378805523,0.357796550510383,0.621876099964801,0.737064413938753,0.462425202393523,0.522703273495248,0.528599084829285,0.616772263287574,0.760295670538542,0.761967617036254,0.52455121436114,0.558782118972193,0.340285110876452,0.688929954241464,0.595300950369588,0.595300950369588,0.595300950369588,0.591869060190074,0.647923266455473,0.638771559310102,0.728880675818373,0.526839141147483,0.399067229848644,0.595300950369588,0.609292502639915,0.483368532206969,0.521383315733896,0.540038718760999,0.50026399155227,0.505807814149947,0.540038718760999,0.595300950369588,0.425290390707497,0.534934882083773,0.465505103836677,0.261967617036255,0.415434706089405,0.542238648363252,0.567317845828933,0.764167546638507,0.58931714185146,0.360612460401267,0.385691657866948,0.87917986624428,0.540038718760999,0.643875395987328,0.398539246744104,0.409362900387187
HEB_10_046,0.7660154875044,0.399067229848644,0.906370996128124,0.455297430482224,0.592661034846884,0.651883139739528,0.601284758887715,0.520151355156635,0.775519183386131,0.41957057374164,0.912090813093981,0.533526927138331,0.673794438577965,0.50026399155227,0.592661034846884,0.592661034846884,0.592661034846884,0.592661034846884,0.505543822597676,0.321365716297078,0.294526575149595,0.592661034846884,0.592661034846884,0.592661034846884,0.592661034846884,0.592661034846884,0.592661034846884,0.592661034846884,0.783174938401971,0.748416050686378,0.592661034846884,0.272175290390707,0.272175290390707,0.492872228088701,0.901619148187258,0.91173882435762,0.340637099612812,0.367212249208025,0.659098908834917,0.409186906019007,0.306142203449489,0.877771911298838,0.725096796902499,0.464977120732136,0.592661034846884,0.462073213657163,0.367212249208025,0.687697993664202,0.367212249208025,0.687697993664202,0.367212249208025,0.592661034846884,0.367212249208025,0.615716297078493,0.471400915170714,0.434618092221049,0.471400915170714,0.592661034846884,0.505455825413586,0.592661034846884,0.222368884195706,0.264871524111228,0.503079901443153,0.218936994016191,0.491640267511439,0.59732488560366,0.58922914466737,0.58922914466737,0.600756775783175,0.59732488560366,0.869500175994368,0.345300950369588,0.357796550510383,1.18163367160206,0.598116860260471,0.385955649419218,0.90329109468497,0.678458289334741,0.716033086941217,0.719728968673002,0.366948257655755,0.358060542062654,0.352956705385427,0.21823301654347,0.654435058078141,0.232224568813798,0.592661034846884,0.592661034846884,0.592661034846884,0.58922914466737,0.581925378387891,0.509415698697641,0.367212249208025,0.672034494896163,1.04056670186554,0.592661034846884,0.648891235480464,0.670802534318901,0.624340021119324,0.537398803238296,0.666578669482576,0.830517423442449,0.537398803238296,0.592661034846884,1.01399155227033,0.553414290742696,0.462865188313974,0.956265399507215,0.581749384019711,0.539598732840549,0.881467793030623,0.518655403027103,0.840109116508271,1.00211193241816,1.12222808870116,0.369676170362548,0.949225624780007,0.958025343189018,1.09283702921506,1.04030271031327
HEB_10_048,0.280359028511087,0.388595564941921,0.515751495952129,0.434266103484688,0.803942273847236,0.356300598380851,0.68585005279831,0.646955297430482,0.437697993664202,0.620292150651179,0.447553678282295,0.723688841957057,0.62108412530799,0.711545230552622,0.803942273847237,0.803942273847236,0.803942273847236,0.803942273847237,0.727384723688841,0.39537134811686,0.442449841605068,0.803942273847236,0.803942273847236,0.803942273847237,0.803942273847236,0.803942273847236,0.803942273847237,0.803942273847236,0.593189017951425,0.304998240056318,0.803942273847236,0.483456529391059,0.483456529391059,0.587997184090109,0.36316437873988,0.404963041182682,0.488560366068285,0.388419570573741,0.384635691657867,0.440953889475536,0.41182682154171,0.223160858852516,0.239440337909186,0.327789510735656,0.803942273847237,0.483280535022879,0.388419570573741,0.708905315029919,0.388419570573741,0.708905315029918,0.388419570573741,0.803942273847236,0.388419570573741,0.74252023935234,0.408130939809926,0.455825413586765,0.408130939809926,0.803942273847236,0.706177402323125,0.803942273847237,0.349172826469553,0.465593101020767,0.714361140443505,0.345740936290038,0.702921506511791,0.787486800422386,0.800510383667722,0.800510383667722,0.7909186906019,0.787486800422386,0.658394931362196,0.461545230552622,0.621876099964801,0.598116860260471,0.998103476958909,0.449401619148187,0.438753959873284,0.752463921154523,0.716121084125308,0.318549806406195,0.45151355156635,0.463745160154875,0.321365716297078,0.323917634635691,0.348292854628652,0.454065469904963,0.803942273847237,0.803942273847236,0.803942273847236,0.800510383667722,0.603132699753607,0.530623020063358,0.388419570573741,0.714361140443505,0.533790918690602,0.803942273847237,0.733456529391059,0.713129179866244,0.708905315029919,0.748680042238648,0.751143963393171,0.725008799718409,0.748680042238648,0.803942273847236,0.676170362548398,0.754135867652235,0.674146427314326,0.491728264695529,0.666314677930306,0.750879971840901,0.353572685674058,0.50818373812038,0.386131643787398,0.643171418514607,0.647131291798662,0.5809574093629,0.484688489968321,0.430130235832453,0.649419218585005,0.702481520591341
HEB_10_049,0.97632875747976,1.07400563181978,0.578141499472017,0.876803942273847,0.401707145371348,0.460929250263991,0.283614924322421,0.624868004223864,0.478968673002464,0.545406546990496,0.0453185498064061,0.342573037662794,0.229408658922914,0.309310102076733,0.401707145371348,0.401707145371348,0.401707145371348,0.401707145371348,0.399067229848644,0.668954593453009,0.737152411122844,0.401707145371348,0.401707145371348,0.401707145371348,0.401707145371348,0.401707145371348,0.401707145371348,0.401707145371348,0.486624428018303,0.72641675466385,0.401707145371348,0.925994368180218,0.925994368180218,0.755983808518127,0.657866948257655,0.720784934882083,1.12117212249208,1.08438929954241,0.996128123900035,0.535022879267863,0.769887363604364,0.876891939457937,0.935410066877859,1.02375923970433,0.401707145371348,0.883579725448785,1.08438929954241,0.560102076733544,1.08438929954241,0.560102076733544,1.08438929954241,0.401707145371348,1.08438929954241,0.382523759239704,0.892907426962337,0.940601900739176,0.892907426962337,0.401707145371348,0.684090109116508,0.401707145371348,0.876187961985216,0.929250263991552,0.312126011967617,0.872756071805702,0.300686378035902,0.385251671946497,0.398275255191833,0.398275255191833,0.388683562126012,0.385251671946497,0.509591693065822,1.06247800070398,0.737064413938753,0.385955649419218,0.449401619148187,1.16433205789386,0.585621260119676,0.571981696585709,0.313885955649419,0.951161562829989,1.07356564589933,1.09635691657867,0.858940513903555,0.956529391059486,0.442361844420978,0.833245336149243,0.401707145371348,0.401707145371348,0.401707145371348,0.398275255191833,0.707761351636747,0.846444913762759,1.08438929954241,0.312126011967617,0.437785990848293,0.401707145371348,0.415698697641675,0.479848644843365,0.391147483280535,0.515399507215769,0.517863428370292,0.32277367124252,0.515399507215769,0.401707145371348,0.358412530799014,0.531414994720169,0.271911298838437,0.0894931362196407,0.496392115452305,0.348644843365012,0.648275255191833,0.802886307638155,0.680834213305174,0.188137979584653,0.318813797958465,0.68558606124604,0.430922210489264,0.724832805350228,0.247184090109116,0.236888419570573
HEB_10_050,0.965681098204857,0.598732840549102,0.842045054558254,0.845036958817317,0.433298134459697,0.703713481168602,0.441921858500528,0.381907778951073,0.954065469904963,0.291886659626892,0.879443857796551,0.374164026751143,0.514431538190777,0.340901091165082,0.433298134459697,0.433298134459697,0.433298134459697,0.433298134459697,0.272263287574797,0.235920450545582,0.156282998944034,0.433298134459697,0.433298134459697,0.433298134459697,0.433298134459697,0.433298134459697,0.433298134459697,0.433298134459697,0.982840549102428,1.26487152411123,0.433298134459697,0.6619148187258,0.6619148187258,0.49190425906371,1.21744104188666,0.942449841605068,0.54030271031327,0.566877859908483,0.922122492080253,0.862284406898979,0.695881731784582,1.1619148187258,1.05147835269271,0.738560366068285,0.433298134459697,0.366068285814854,0.566877859908483,0.338261175642379,0.566877859908483,0.338261175642379,0.566877859908483,0.433298134459697,0.566877859908483,0.583069341781063,0.544350580781415,0.423090461105244,0.544350580781415,0.433298134459697,0.462249208025343,0.433298134459697,0.527631115804294,0.644051390355508,0.343717001055966,0.52419922562478,0.332277367124252,0.459081309398099,0.429866244280183,0.429866244280183,0.462513199577613,0.459081309398099,0.646779303062302,0.576645547342485,0.462425202393523,0.90329109468497,0.438753959873284,0.585621260119676,1.37980369322908,0.339581133403731,0.683386131643787,1.04611052446322,0.52437521999296,0.599964801126364,0.658218936994016,0.417898627243928,0.695705737416402,0.400211193241816,0.433298134459697,0.433298134459697,0.433298134459697,0.429866244280183,0.232488560366068,0.434530095036959,0.566877859908483,0.639387539598732,0.817845828933474,0.433298134459697,0.489528335093277,0.764871524111228,0.676170362548398,0.546990496304118,0.676170362548398,0.73451249560014,0.546990496304118,0.433298134459697,0.939105948609644,0.563005983808518,0.303502287926786,0.923618444209786,0.232312565997888,0.380235832453361,0.869940161914819,0.496568109820485,0.775783174938402,0.969464977120732,1.01566349876804,0.421506511791622,0.948257655755016,0.946497712073213,1.03907074973601,1.00765575501584
HEB_10_051,0.413498768039422,0.553414290742696,0.522175290390707,0.335093277015135,0.72588877155931,0.236008447729672,0.607796550510383,0.65337909186906,0.275167194649771,0.616156282998944,0.348380851812741,0.624516015487504,0.511351636747624,0.633491728264695,0.72588877155931,0.72588877155931,0.72588877155931,0.72588877155931,0.681010207673354,0.486272439281943,0.554470256951777,0.72588877155931,0.72588877155931,0.72588877155931,0.72588877155931,0.72588877155931,0.72588877155931,0.72588877155931,0.525695177754312,0.226944737768391,0.72588877155931,0.405403027103132,0.405403027103132,0.657778951073565,0.41182682154171,0.516983456529391,0.600580781414994,0.563797958465329,0.486096444913762,0.373460049278423,0.333773319253784,0.377419922562478,0.414818725800774,0.52428722280887,0.72588877155931,0.658658922914466,0.563797958465329,0.884283702921506,0.563797958465329,0.884283702921506,0.563797958465329,0.72588877155931,0.563797958465329,0.68558606124604,0.604628651883139,0.631203801478352,0.604628651883139,0.72588877155931,0.70204153467089,0.72588877155931,0.355596620908131,0.408658922914466,0.636307638155579,0.352164730728616,0.624868004223864,0.730552622316085,0.722456881379795,0.722456881379795,0.7339845124956,0.730552622316085,0.791534670890531,0.541886659626891,0.522703273495248,0.678458289334741,0.752463921154522,0.571981696585709,0.339581133403731,0.991848278156713,0.659186906019007,0.45168954593453,0.595212953185498,0.59688489968321,0.4439457937346,0.393699401619148,0.301918338613164,0.460489264343541,0.72588877155931,0.72588877155931,0.72588877155931,0.722456881379795,0.778511087645195,0.706001407954945,0.563797958465329,0.657426962337205,0.698609644491376,0.72588877155931,0.655403027103132,0.613956353396691,0.651971136923618,0.670626539950721,0.630851812741992,0.636395635339669,0.670626539950721,0.72588877155931,0.555878211897219,0.665522703273495,0.596092925026399,0.392555438225976,0.757215769095389,0.672826469552974,0.444473776839141,0.641323477648715,0.466473072861668,0.491200281590989,0.621876099964801,0.502903907074973,0.522791270679338,0.521031326997536,0.529127067933826,0.539950721576909
HEB_10_054,0.25043998592045,0.337557198169658,0.485832453361492,0.393787398803238,0.752903907074973,0.326381555790214,0.698169658570925,0.595916930658219,0.555614220344949,0.505895811334037,0.692185850052798,0.651531151003167,0.58060542062654,0.660506863780359,0.752903907074973,0.752903907074973,0.752903907074973,0.752903907074973,0.549630411826821,0.344332981344597,0.264695529743048,0.752903907074973,0.752903907074973,0.752903907074973,0.752903907074973,0.752903907074973,0.752903907074973,0.752903907074973,0.711105244632171,0.570749736008447,0.752903907074973,0.432418162618796,0.432418162618796,0.536958817317846,0.62891587469201,0.543998592045054,0.310806054206265,0.337381203801478,0.312478000703977,0.6539070749736,0.392467441041886,0.46779303062302,0.452393523407251,0.466825061598029,0.752903907074973,0.432242168250616,0.337381203801478,0.657866948257655,0.337381203801478,0.657866948257655,0.337381203801478,0.752903907074973,0.337381203801478,0.860436466033087,0.526047166490672,0.404787046814502,0.526047166490672,0.752903907074973,0.61290038718761,0.752903907074973,0.298134459697289,0.414554734248504,0.663322773671242,0.294702569517775,0.651883139739528,0.778687082013375,0.749472016895459,0.749472016895459,0.782118972192889,0.778687082013375,0.786870820133755,0.34714889123548,0.528599084829285,0.716033086941217,0.716121084125308,0.313885955649419,0.683386131643787,0.659186906019007,1.03270670437531,0.478704681450193,0.337117212249208,0.370468145019359,0.407602956705385,0.103924674410419,0.255015839493136,0.276311158042942,0.752903907074973,0.752903907074973,0.752903907074973,0.749472016895459,0.552094332981344,0.479584653291094,0.337381203801478,0.937873988032383,0.757303766279479,0.752903907074973,0.682418162618796,0.788806758183738,0.91129883843717,0.697641675466385,0.657866948257655,0.821805702217529,0.697641675466385,0.752903907074973,0.667370644139387,0.692537838789158,0.623108060542062,0.736360436466033,0.467441041886659,0.699841605068637,0.471488912354804,0.583861316437874,0.387891587469201,0.78220696937698,0.828405491024287,0.529919042590637,0.760999648011263,0.548046462513199,0.851812741992256,0.820397747272087
HEB_10_055,1.14114748328053,0.922034494896163,0.742960225272791,0.851548750439986,0.228616684266103,0.625747976064766,0.237240408306934,0.45177754311862,1.00281590989088,0.403995072157691,0.505807814149947,0.127243928194298,0.204153467089053,0.136219640971489,0.228616684266103,0.228616684266103,0.228616684266103,0.228616684266103,0.236536430834213,0.495864132347765,0.627419922562478,0.228616684266103,0.228616684266103,0.228616684266103,0.228616684266103,0.228616684266103,0.228616684266103,0.228616684266103,0.778159098908835,1.22914466737064,0.228616684266103,0.752903907074973,0.752903907074973,0.582893347412882,1.16059486096445,1.28687082013376,1.01143963393171,0.91129883843717,1.26654347060894,0.636483632523759,0.681274199225624,1.33738120380148,1.3114220344949,1.08298134459697,0.228616684266103,0.710489264343541,0.91129883843717,0.387011615628299,0.91129883843717,0.387011615628299,0.91129883843717,0.228616684266103,0.91129883843717,0.378387891587469,0.888771559310101,0.767511439633931,0.888771559310102,0.228616684266103,0.658834917282646,0.228616684266103,0.703097500879971,0.756159802886307,0.139035550862372,0.699665610700457,0.127595916930658,0.254399859204505,0.225184794086589,0.225184794086589,0.257831749384019,0.254399859204505,0.885603660682858,0.921066525871172,0.616772263287574,0.719728968673002,0.318549806406195,0.951161562829989,1.04611052446322,0.45168954593453,0.478704681450193,1.45353518549326,0.932154171066525,1.07110172474481,1.02375923970433,0.804558254135867,0.638859556494192,0.723512847588877,0.228616684266103,0.228616684266103,0.228616684266103,0.225184794086589,0.534670890531503,0.673354452657515,0.91129883843717,0.434706089405139,0.972192889827526,0.228616684266103,0.348204857444561,0.433474128827877,0.471488912354804,0.342309046110524,0.302534318901795,0.445353748680042,0.342309046110524,0.228616684266103,0.565469904963041,0.337205209433298,0.0988208377331925,0.549982400563182,0.365540302710313,0.175554382259768,1.17212249208025,0.96770503343893,1.07796550510384,0.701425554382259,0.810982048574445,0.512495600140795,0.933650123196057,1.24868004223865,0.665434706089405,0.760735656458993
HEB_10_057,0.915082717353044,1.05499824005632,0.559134107708553,0.836677226328757,0.424938401971136,0.441921858500528,0.30684618092221,0.648099260823653,0.459961281239,0.568637803590285,0.0263111580429426,0.323565645899331,0.210401267159451,0.332541358676522,0.424938401971137,0.424938401971136,0.424938401971136,0.424938401971137,0.380059838085181,0.692185850052798,0.760383667722632,0.424938401971136,0.424938401971136,0.424938401971137,0.424938401971136,0.424938401971136,0.424938401971137,0.424938401971136,0.467617036254839,0.707409362900387,0.424938401971136,0.906986976416754,0.906986976416754,0.75809574093629,0.638859556494192,0.744016191481872,1.10216473072862,1.06538190777895,0.977120732136571,0.5160154875044,0.750879971840901,0.857884547694473,0.89528335093277,1.00475184794087,0.424938401971137,0.906810982048574,1.06538190777895,0.583333333333333,1.06538190777895,0.583333333333333,1.06538190777895,0.424938401971136,1.06538190777895,0.405755015839493,0.916138683562125,0.963833157338965,0.916138683562126,0.424938401971136,0.707321365716297,0.424938401971137,0.857180570221753,0.910242872228088,0.335357268567405,0.853748680042238,0.323917634635691,0.408482928546286,0.421506511791622,0.421506511791622,0.4119148187258,0.408482928546286,0.53282294966561,1.04347060894051,0.760295670538542,0.366948257655755,0.45151355156635,1.07356564589933,0.52437521999296,0.595212953185498,0.337117212249208,0.932154171066525,1.135584761271,1.07734952481521,0.839933122140091,0.89528335093277,0.402235128475888,0.835357268567405,0.424938401971137,0.424938401971136,0.424938401971136,0.421506511791622,0.730992608236536,0.848556846180922,1.06538190777895,0.335357268567405,0.461017247448081,0.424938401971137,0.438929954241464,0.418602604716649,0.393259415698697,0.496392115452305,0.456617388243576,0.324885603660683,0.496392115452305,0.424938401971136,0.318285814853924,0.491288278775079,0.295142555438226,0.0704857444561771,0.498504047870468,0.371876099964801,0.62926786342837,0.826117564237944,0.66182682154171,0.169130587821189,0.299806406195001,0.708817317845828,0.454153467089053,0.705825413586765,0.228176698345653,0.21788102780711
HEB_10_059,0.906195001759943,1.04611052446322,0.5080077437522,0.827789510735656,0.373812038014783,0.390795494544174,0.255719816965857,0.5969728968673,0.55667018655403,0.549190425906371,0.059662090813094,0.272439281942978,0.159274903203097,0.281414994720169,0.373812038014783,0.373812038014783,0.373812038014783,0.373812038014783,0.381731784582893,0.641059486096444,0.772615276311158,0.373812038014783,0.373812038014783,0.373812038014783,0.373812038014783,0.373812038014783,0.373812038014783,0.373812038014783,0.500967969024991,0.782998944033791,0.373812038014783,0.898099260823653,0.898099260823653,0.728088701161562,0.714449137627595,0.840725096796902,1.15663498768039,1.05649419218585,1.0738296374516,0.570485744456177,0.7419922562478,0.891235480464625,0.970872932066173,1.05922210489264,0.373812038014783,0.85568461809222,1.05649419218585,0.53220696937698,1.05649419218585,0.53220696937698,1.05649419218585,0.373812038014783,1.05649419218585,0.439105948609644,0.949489616332277,0.912706793382611,0.949489616332277,0.373812038014783,0.761791622668074,0.373812038014783,0.848292854628651,0.901355156634987,0.284230904611052,0.844860964449137,0.272791270679338,0.399595212953185,0.370380147835269,0.370380147835269,0.403027103132699,0.399595212953185,0.62953185498064,1.06626187961985,0.761967617036254,0.358060542062654,0.463745160154875,1.09635691657867,0.599964801126364,0.59688489968321,0.370468145019359,1.07110172474481,1.07734952481521,1.2259524205623,0.957761351636747,0.949753607884547,0.4039070749736,0.868708201337557,0.373812038014783,0.373812038014783,0.373812038014783,0.370380147835269,0.679866244280182,0.818549806406195,1.05649419218585,0.368708201337557,0.526047166490672,0.373812038014783,0.38780359028511,0.494192185850052,0.447729672650475,0.487504399859204,0.447729672650475,0.315997888067582,0.487504399859204,0.373812038014783,0.288278775079197,0.482400563181978,0.244016191481872,0.103836677226328,0.510735656458993,0.320749736008447,0.7259767687434,0.901707145371348,0.737416402675114,0.255279831045406,0.364836325237592,0.657690953889475,0.487504399859204,0.802534318901794,0.219288982752552,0.31458993312214
HEB_10_070,0.711017247448081,0.787574797606476,0.376187961985216,0.611492432242168,0.220872932066174,0.670802534318901,0.41957057374164,0.359556494192185,0.836677226328757,0.628563885955649,0.941569869764167,0.647483280535022,0.534318901795142,0.571981696585709,0.220872932066174,0.220872932066174,0.220872932066174,0.220872932066174,0.693417810630059,0.84714889123548,1.50668778599085,0.220872932066174,0.220872932066174,0.220872932066174,0.220872932066174,0.220872932066174,0.220872932066174,0.220872932066174,0.432506159802886,0.735656458993312,0.220872932066174,0.639563533966912,0.639563533966912,0.522351284758887,0.709345300950369,0.81450193593805,0.898099260823653,0.797958465329109,0.899771207321365,1.01944737768391,0.821365716297078,0.928370292150651,0.912970784934882,0.906282998944033,0.220872932066174,0.618268215417106,0.797958465329109,0.37926786342837,0.797958465329109,0.37926786342837,0.797958465329109,0.220872932066174,0.797958465329109,0.370644139387539,0.796550510383667,0.675290390707497,0.796550510383667,0.220872932066174,0.608852516719465,0.220872932066174,0.906546990496303,0.65337909186906,0.405843013023583,0.913674762407602,0.436642027455121,0.257215769095389,0.228000703977472,0.228000703977472,0.25008799718409,0.257215769095389,0.624428018303414,0.807726152763111,0.52455121436114,0.352956705385427,0.321365716297078,0.858940513903555,0.658218936994016,0.4439457937346,0.407602956705385,1.02375923970433,0.839933122140091,0.957761351636747,1.77720845117285,1.55711017247448,1.29637451601549,1.50774375219993,0.220872932066174,0.220872932066174,0.220872932066174,0.228000703977472,0.442449841605068,0.570573741640267,0.797958465329109,0.543118620204153,0.60542062653995,0.220872932066174,0.160946849700809,0.425730376627947,0.453185498064062,0.313445969728968,0.294790566701865,0.279215065117916,0.313445969728968,0.220872932066174,0.188137979584653,0.318901795142555,0.893611404435058,0.943505807814149,1.04417458641323,0.34732488560366,1.39669130587821,1.08667722632876,1.3025343189018,1.01047166490672,0.44420978528687,0.483632523759239,0.503519887363604,0.797430482224568,0.29866244280183,0.710753255895811
HEB_10_072,0.935322069693769,0.885163674762407,0.537134811686026,0.751319957761351,0.191745864132348,1.32805350228793,0.707233368532207,0.414906722984864,0.987064413938753,0.958465329109469,1.1236360436466,0.681714185146075,1.0542942625836,0.690689897923266,0.191745864132348,0.191745864132348,0.191745864132348,0.191745864132348,1.17115452305526,1.38824357620556,1.56203801478353,0.191745864132348,0.191745864132348,0.191745864132348,0.191745864132348,0.191745864132348,0.191745864132348,0.191745864132348,0.276663146779303,0.558694121788102,0.191745864132348,0.716033086941217,0.716033086941217,0.546022527279127,0.490144315381907,0.616420274551214,0.974568813797958,0.874428018303414,0.891763463569165,1.14871524111228,1.10902851108764,0.793646603308694,0.788806758183738,0.813797958465329,0.191745864132348,0.673618444209785,0.874428018303414,0.350140795494544,0.874428018303414,0.350140795494544,0.874428018303414,0.191745864132348,0.874428018303414,0.172562478000704,0.682946145723336,0.730640619500175,0.682946145723336,0.191745864132348,0.537486800422386,0.191745864132348,1.34204505455825,0.78264695529743,0.69350580781415,1.35973248856037,0.76654347060894,0.196409714889123,0.209433298134459,0.209433298134459,0.178722280887011,0.196409714889123,0.362988384371699,0.884195705737416,0.558782118972193,0.21823301654347,0.323917634635691,0.956529391059486,0.417898627243928,0.393699401619148,0.103924674410419,0.804558254135867,0.89528335093277,0.949753607884547,1.55711017247448,1.89286308434537,1.68963393171418,1.40469904963041,0.191745864132348,0.191745864132348,0.191745864132348,0.209433298134459,0.497800070397747,0.636483632523759,0.874428018303414,0.176082365364308,0.312302006335797,0.191745864132348,0.226856740584301,0.312126011967617,0.181186202041534,0.305438225976768,0.350140795494544,0.133931714185146,0.305438225976768,0.191745864132348,0.190689897923266,0.321453713481168,0.853924674410419,0.829901443153819,1.15232312565998,0.497712073213657,0.924058430130235,0.761879619852164,0.956617388243576,0.453361492432242,0.182770151355156,0.528423090461105,0.24208025343189,0.620468145019359,0.0794614572333684,0.301478352692713
HEB_10_074,0.917458641323478,0.423794438577965,0.846620908130939,0.627859908482928,0.279479056670186,1.62697993664203,0.921682506159803,0.291446673706441,1.22263287574798,0.835005279831045,1.86606828581485,0.885603660682858,1.3532206969377,0.905139035550862,0.279479056670186,0.279479056670186,0.279479056670186,0.279479056670186,1.15329109468497,1.15918690601901,1.45969728968673,0.279479056670186,0.279479056670186,0.279479056670186,0.279479056670186,0.279479056670186,0.279479056670186,0.279479056670186,0.533350932770151,0.688665962689194,0.279479056670186,0.381379795846533,0.381379795846533,0.327525519183386,0.672914466737064,0.683034142907427,0.428722280887011,0.391939457937346,0.683826117564238,0.993576205561422,0.922210489264343,0.796902499120028,0.665346708905314,0.394667370644139,0.279479056670186,0.3389651531151,0.391939457937346,0.290038718760999,0.391939457937346,0.290038718760999,0.391939457937346,0.279479056670186,0.391939457937346,0.239176346356916,0.306054206265399,0.353748680042238,0.306054206265399,0.279479056670186,0.329549454417458,0.279479056670186,0.94403379091869,0.437434002111932,0.781239000351988,0.961721224920803,0.854276663146779,0.284142907426962,0.297166490672298,0.297166490672298,0.26645547342485,0.284142907426962,0.397923266455473,0.401707145371348,0.340285110876452,0.654435058078141,0.348292854628652,0.442361844420978,0.695705737416402,0.301918338613164,0.255015839493136,0.638859556494192,0.402235128475888,0.4039070749736,1.29637451601549,1.68963393171418,1.98562635168857,1.26011967617036,0.279479056670186,0.279479056670186,0.279479056670186,0.297166490672298,0.310982048574445,0.344068989792326,0.391939457937346,0.263815557902147,0.600668778599084,0.279479056670186,0.399067229848644,0.357620556142203,0.226680746216121,0.308694121788102,0.437873988032382,0.432858148539246,0.308694121788102,0.279479056670186,0.700809574093629,0.324709609292502,1.2162090813094,1.65681098204857,1.32453361492432,0.585445265751495,1.28634283702921,0.384987680394227,1.31890179514255,1.22747272087293,0.650651179162266,0.415522703273495,0.57268567405843,0.708201337557197,0.631819781766983,0.906634987680394
HEB_10_077,0.643083421330517,0.782998944033791,0.413850756775783,0.680834213305174,0.364132347764871,0.676786342837029,0.457233368532207,0.523935234072509,0.610348468848996,0.676786342837029,0.683562126011967,0.727384723688842,0.487504399859204,0.69412178810278,0.364132347764871,0.364132347764871,0.364132347764871,0.364132347764871,0.530447025695177,0.927050334389299,1.54435058078141,0.364132347764871,0.364132347764871,0.364132347764871,0.364132347764871,0.364132347764871,0.364132347764871,0.364132347764871,0.343453009503695,0.541006687785991,0.364132347764871,0.740584301302358,0.740584301302358,0.591693065821893,0.440777895107356,0.598732840549102,0.893523407250967,0.793382611756423,0.768479408658923,0.655843013023583,0.837909186906018,0.56476592749032,0.623284054910242,0.732752551918338,0.364132347764871,0.698169658570925,0.793382611756423,0.416930658218937,0.793382611756423,0.416930658218937,0.793382611756423,0.364132347764871,0.793382611756423,0.344948961633227,0.707497360084477,0.755191833861316,0.707497360084477,0.364132347764871,0.635955649419218,0.364132347764871,0.880851812741992,0.754399859204505,0.506863780359028,0.898539246744104,0.474304822245688,0.368796198521647,0.381819781766983,0.381819781766983,0.351108764519535,0.368796198521647,0.398099260823653,0.834829285462865,0.688929954241464,0.232224568813798,0.454065469904963,0.833245336149243,0.400211193241816,0.460489264343541,0.276311158042942,0.723512847588877,0.835357268567405,0.868708201337557,1.50774375219993,1.40469904963041,1.26011967617036,1.61058060222925,0.364132347764871,0.364132347764871,0.364132347764871,0.381819781766983,0.522351284758887,0.608236536430834,0.793382611756423,0.401267159450897,0.389651531151003,0.364132347764871,0.357004575853572,0.315557902147131,0.311334037310806,0.393347412882787,0.353572685674058,0.264079549454417,0.393347412882787,0.364132347764871,0.236360436466033,0.388243576205561,1.03687082013376,0.727736712425202,1.07127771911299,0.480024639211545,1.24428018303414,0.892027455121436,1.27683914114748,0.921418514607532,0.21788102780711,0.711369236184442,0.319429778247096,0.560542062653995,0.167370644139388,0.558342133051742
HEB_10_086,0.2749032030975,0.414818725800774,0.510295670538542,0.449929602252728,0.840725096796902,0.350844772967265,0.722632875747976,0.683738120380147,0.305526223160858,0.593717001055966,0.442097852868708,0.739352340725096,0.626187961985216,0.748328053502287,0.840725096796902,0.840725096796902,0.840725096796902,0.840725096796902,0.63745160154875,0.432154171066525,0.352516719464977,0.840725096796902,0.840725096796902,0.840725096796902,0.840725096796902,0.840725096796902,0.840725096796902,0.840725096796902,0.629971840901091,0.320661738824357,0.840725096796902,0.520239352340725,0.520239352340725,0.624780007039774,0.37882787750792,0.293910594860964,0.398627243928194,0.425202393523407,0.273583245336149,0.467177050334389,0.448609644491376,0.21770503343893,0.255103836677226,0.364572333685322,0.840725096796902,0.520063357972545,0.425202393523407,0.745688137979584,0.425202393523407,0.745688137979584,0.425202393523407,0.840725096796902,0.425202393523407,0.779303062302006,0.444913762759591,0.49260823653643,0.444913762759591,0.840725096796902,0.616244280183034,0.840725096796902,0.385955649419218,0.502375923970433,0.751143963393171,0.382523759239704,0.739704329461457,0.824269623372052,0.837293206617388,0.837293206617388,0.827701513551566,0.824269623372051,0.568461809222104,0.434970080957409,0.595300950369588,0.592661034846884,0.803942273847237,0.401707145371348,0.433298134459697,0.72588877155931,0.752903907074973,0.228616684266103,0.424938401971137,0.373812038014783,0.220872932066174,0.191745864132347,0.279479056670186,0.364132347764871,0.941939777075362,0.840725096796902,0.840725096796902,0.837293206617388,0.639915522703273,0.567405843013023,0.425202393523407,0.751143963393171,0.507215769095389,0.840725096796902,0.770239352340725,0.707673354452657,0.745688137979584,0.785462865188313,0.745688137979584,0.740672298486448,0.785462865188313,0.840725096796902,0.670714537134811,0.780359028511087,0.710929250263991,0.486272439281943,0.555262231608588,0.787662794790566,0.221400915170714,0.418250615980288,0.253959873284055,0.53211897219289,0.578317493840197,0.617740232312565,0.510911650827173,0.297958465329109,0.643963393171418,0.570309750087997
HEB_10_093,0.2749032030975,0.414818725800774,0.510295670538542,0.449929602252728,0.840725096796902,0.350844772967265,0.722632875747976,0.683738120380147,0.305526223160858,0.593717001055966,0.442097852868708,0.739352340725096,0.626187961985216,0.748328053502287,0.840725096796902,0.840725096796902,0.840725096796902,0.840725096796902,0.63745160154875,0.432154171066525,0.352516719464977,0.840725096796902,0.840725096796902,0.840725096796902,0.840725096796902,0.840725096796902,0.840725096796902,0.840725096796902,0.629971840901091,0.320661738824357,0.840725096796902,0.520239352340725,0.520239352340725,0.624780007039774,0.37882787750792,0.293910594860964,0.398627243928194,0.425202393523407,0.273583245336149,0.467177050334389,0.448609644491376,0.21770503343893,0.255103836677226,0.364572333685322,0.840725096796902,0.520063357972545,0.425202393523407,0.745688137979584,0.425202393523407,0.745688137979584,0.425202393523407,0.840725096796902,0.425202393523407,0.779303062302006,0.444913762759591,0.49260823653643,0.444913762759591,0.840725096796902,0.616244280183034,0.840725096796902,0.385955649419218,0.502375923970433,0.751143963393171,0.382523759239704,0.739704329461457,0.824269623372052,0.837293206617388,0.837293206617388,0.827701513551566,0.824269623372051,0.568461809222104,0.434970080957409,0.595300950369588,0.592661034846884,0.803942273847237,0.401707145371348,0.433298134459697,0.72588877155931,0.752903907074973,0.228616684266103,0.424938401971137,0.373812038014783,0.220872932066174,0.191745864132347,0.279479056670186,0.364132347764871,0.840725096796902,0.941939777075362,0.840725096796902,0.837293206617388,0.639915522703273,0.567405843013023,0.425202393523407,0.751143963393171,0.507215769095389,0.840725096796902,0.770239352340725,0.707673354452657,0.745688137979584,0.785462865188313,0.745688137979584,0.740672298486448,0.785462865188313,0.840725096796902,0.670714537134811,0.780359028511087,0.710929250263991,0.486272439281943,0.555262231608588,0.787662794790566,0.221400915170714,0.418250615980288,0.253959873284055,0.53211897219289,0.578317493840197,0.617740232312565,0.510911650827173,0.297958465329109,0.643963393171418,0.570309750087997
HEB_10_097,0.2749032030975,0.414818725800774,0.510295670538542,0.449929602252728,0.840725096796902,0.350844772967265,0.722632875747976,0.683738120380147,0.305526223160859,0.593717001055966,0.442097852868708,0.739352340725096,0.626187961985216,0.748328053502287,0.840725096796902,0.840725096796902,0.840725096796902,0.840725096796902,0.63745160154875,0.432154171066525,0.352516719464977,0.840725096796902,0.840725096796902,0.840725096796902,0.840725096796902,0.840725096796902,0.840725096796902,0.840725096796902,0.629971840901091,0.320661738824357,0.840725096796902,0.520239352340725,0.520239352340725,0.624780007039774,0.37882787750792,0.293910594860964,0.398627243928194,0.425202393523407,0.273583245336149,0.467177050334389,0.448609644491376,0.21770503343893,0.255103836677226,0.364572333685322,0.840725096796902,0.520063357972545,0.425202393523407,0.745688137979584,0.425202393523407,0.745688137979584,0.425202393523407,0.840725096796902,0.425202393523407,0.779303062302006,0.444913762759591,0.49260823653643,0.444913762759591,0.840725096796902,0.616244280183034,0.840725096796902,0.385955649419218,0.502375923970433,0.751143963393171,0.382523759239704,0.739704329461457,0.824269623372051,0.837293206617388,0.837293206617388,0.827701513551566,0.824269623372051,0.568461809222104,0.434970080957409,0.595300950369588,0.592661034846884,0.803942273847236,0.401707145371348,0.433298134459697,0.72588877155931,0.752903907074973,0.228616684266103,0.424938401971136,0.373812038014783,0.220872932066174,0.191745864132348,0.279479056670186,0.364132347764871,0.840725096796902,0.840725096796902,0.941939777075362,0.837293206617388,0.639915522703273,0.567405843013023,0.425202393523407,0.751143963393171,0.507215769095389,0.840725096796902,0.770239352340725,0.707673354452657,0.745688137979584,0.785462865188313,0.745688137979584,0.740672298486448,0.785462865188313,0.840725096796902,0.670714537134811,0.780359028511087,0.710929250263991,0.486272439281943,0.555262231608588,0.787662794790566,0.221400915170714,0.418250615980288,0.253959873284055,0.532118972192889,0.578317493840197,0.617740232312565,0.510911650827173,0.297958465329109,0.643963393171418,0.570309750087997
HEB_10_100,0.271471312917986,0.41138683562126,0.506863780359028,0.446497712073213,0.837293206617388,0.368532206969377,0.740320309750088,0.680306230200633,0.312653995072158,0.590285110876452,0.45978528687082,0.735920450545582,0.643875395987328,0.755455825413586,0.837293206617388,0.837293206617388,0.837293206617388,0.837293206617388,0.634019711369236,0.449841605068638,0.370204153467089,0.837293206617388,0.837293206617388,0.837293206617388,0.837293206617388,0.837293206617388,0.837293206617388,0.837293206617388,0.626539950721577,0.317229848644843,0.837293206617388,0.51680746216121,0.51680746216121,0.62134811686026,0.375395987328405,0.29047870468145,0.39519535374868,0.421770503343893,0.270151355156635,0.474304822245688,0.445177754311862,0.214273143259416,0.251671946497712,0.361140443505807,0.837293206617388,0.51663146779303,0.421770503343893,0.74225624780007,0.421770503343893,0.74225624780007,0.421770503343893,0.837293206617388,0.421770503343893,0.775871172122492,0.441481872580077,0.489176346356916,0.441481872580077,0.837293206617388,0.612812390003519,0.837293206617388,0.382523759239704,0.509503695881731,0.75827173530447,0.389651531151003,0.736272439281943,0.83139739528335,0.844420978528687,0.844420978528687,0.824269623372051,0.83139739528335,0.56502991904259,0.431538190777895,0.591869060190074,0.58922914466737,0.800510383667722,0.398275255191833,0.429866244280183,0.722456881379795,0.749472016895459,0.225184794086589,0.421506511791622,0.370380147835269,0.228000703977472,0.209433298134459,0.297166490672298,0.381819781766983,0.837293206617388,0.837293206617388,0.837293206617388,0.944734653135918,0.636483632523759,0.563973952833509,0.421770503343893,0.75827173530447,0.503783878915874,0.837293206617388,0.777367124252023,0.704241464273143,0.74225624780007,0.782030975008799,0.74225624780007,0.737240408306934,0.782030975008799,0.837293206617388,0.667282646955297,0.776927138331573,0.728616684266103,0.503959873284054,0.5729496656107,0.794790566701865,0.2179690249912,0.414818725800774,0.25052798310454,0.528687082013375,0.574885603660683,0.614308342133051,0.507479760647659,0.294526575149595,0.640531502991904,0.566877859908482
HEB_10_104,0.5809574093629,0.720872932066173,0.562917986624428,0.502551918338613,0.639915522703273,0.40346708905315,0.521823301654347,0.736360436466032,0.358148539246744,0.625219992960225,0.241288278775079,0.538542766631467,0.425378387891587,0.547518479408659,0.639915522703273,0.639915522703273,0.639915522703273,0.639915522703273,0.542238648363252,0.65373108060542,0.658570925730376,0.639915522703273,0.639915522703273,0.639915522703273,0.639915522703273,0.639915522703273,0.639915522703273,0.639915522703273,0.429162266807462,0.373284054910243,0.639915522703273,0.57286166842661,0.57286166842661,0.698521647307286,0.431450193593805,0.599964801126364,0.704681450193593,0.731256599788806,0.579637451601548,0.26636747624076,0.416754663850756,0.523759239704329,0.561158042942626,0.670626539950721,0.639915522703273,0.826117564237944,0.731256599788806,0.798310454065469,0.731256599788806,0.798310454065469,0.731256599788806,0.639915522703273,0.731256599788806,0.578493488208377,0.750967969024991,0.79866244280183,0.750967969024991,0.639915522703273,0.668866596268919,0.639915522703273,0.523055262231608,0.576117564237944,0.550334389299542,0.519623372052094,0.538894755367828,0.623460049278423,0.636483632523759,0.636483632523759,0.626891939457937,0.623460049278423,0.684442097852868,0.67766631467793,0.647923266455473,0.581925378387891,0.603132699753608,0.707761351636747,0.232488560366068,0.778511087645195,0.552094332981344,0.534670890531503,0.730992608236536,0.679866244280182,0.442449841605068,0.497800070397747,0.310982048574445,0.522351284758887,0.639915522703273,0.639915522703273,0.639915522703273,0.636483632523759,1.02152720013309,0.788982752551918,0.731256599788806,0.550334389299542,0.644315381907779,0.639915522703273,0.6539070749736,0.506863780359028,0.544878563885955,0.584653291094685,0.544878563885955,0.539862724392819,0.584653291094685,0.639915522703273,0.469904963041182,0.579549454417458,0.510119676170362,0.285462865188314,0.650123196057726,0.586853220696937,0.527455121436114,0.724304822245688,0.560014079549454,0.331309398099261,0.483104540654699,0.670362548398451,0.542414642731432,0.604012671594509,0.443153819077789,0.369500175994368
HEB_10_106,0.719640971488912,0.859556494192185,0.553766279479056,0.641235480464625,0.567405843013023,0.373196057726152,0.449313621964097,0.684970080957409,0.327877507919746,0.573829637451601,0.168778599084829,0.466033086941218,0.352868708201337,0.475008799718409,0.567405843013023,0.567405843013023,0.567405843013023,0.567405843013023,0.469728968673002,0.623460049278423,0.628299894403379,0.567405843013023,0.567405843013023,0.567405843013023,0.567405843013023,0.567405843013023,0.567405843013023,0.567405843013023,0.504487856388595,0.511967617036255,0.567405843013023,0.711545230552622,0.711545230552622,0.731608588525167,0.549014431538191,0.590813093980992,0.843365012319605,0.869940161914818,0.71832101372756,0.436730024639211,0.555438225976768,0.641323477648715,0.699841605068637,0.809310102076733,0.567405843013023,0.816965857092573,0.869940161914818,0.72580077437522,0.869940161914818,0.72580077437522,0.869940161914818,0.567405843013023,0.869940161914818,0.527103132699753,0.784054910242872,0.831749384019711,0.784054910242872,0.567405843013023,0.649155227032735,0.567405843013023,0.66173882435762,0.714801126363956,0.477824709609292,0.658306934178106,0.466385075677578,0.550950369588173,0.563973952833509,0.563973952833509,0.554382259767687,0.550950369588173,0.611932418162618,0.816349876803942,0.638771559310102,0.509415698697641,0.530623020063358,0.846444913762759,0.434530095036959,0.706001407954945,0.479584653291094,0.673354452657515,0.848556846180922,0.818549806406195,0.570573741640267,0.636483632523759,0.344068989792326,0.608236536430834,0.567405843013023,0.567405843013023,0.567405843013023,0.563973952833509,0.788982752551918,0.927832307436367,0.869940161914818,0.477824709609292,0.571805702217529,0.567405843013023,0.581397395283351,0.518831397395283,0.514607532558958,0.596620908130939,0.55684618092221,0.467353044702569,0.596620908130939,0.567405843013023,0.439633931714185,0.591517071453713,0.437609996480112,0.212953185498064,0.577613516367476,0.514343541006687,0.497184090109116,0.69403379091869,0.529743048222456,0.258799718409011,0.410594860964449,0.640091517071453,0.491024287222809,0.573741640267511,0.370644139387539,0.296990496304118
HEB_10_107,0.957585357268567,1.09750087997184,0.559398099260823,0.87917986624428,0.425202393523407,0.442185850052798,0.30711017247448,0.648363252375923,0.396867300246392,0.537222808870116,0.0265751495952129,0.323829637451601,0.210665258711721,0.332805350228792,0.425202393523407,0.425202393523407,0.425202393523407,0.425202393523407,0.327525519183386,0.692449841605068,0.697289686730024,0.425202393523407,0.425202393523407,0.425202393523407,0.425202393523407,0.425202393523407,0.425202393523407,0.425202393523407,0.510119676170362,0.74991200281591,0.425202393523407,0.949489616332277,0.949489616332277,0.779479056670186,0.681362196409715,0.680922210489264,1.08130939809926,1.10788454769447,0.956265399507215,0.537398803238296,0.793382611756423,0.858148539246744,0.937785990848292,1.04725448785639,0.425202393523407,0.907074973600844,1.10788454769447,0.583597324885603,1.10788454769447,0.583597324885603,1.10788454769447,0.425202393523407,1.10788454769447,0.406019007391763,0.916402675114396,0.964097148891235,0.916402675114396,0.425202393523407,0.644227384723688,0.425202393523407,0.899683210137275,0.952745512143611,0.335621260119676,0.896251319957761,0.324181626187962,0.408746920098557,0.421770503343893,0.421770503343893,0.412178810278071,0.408746920098556,0.469728968673002,1.0542942625836,0.728880675818373,0.367212249208025,0.388419570573741,1.08438929954241,0.566877859908483,0.563797958465329,0.337381203801478,0.91129883843717,1.06538190777895,1.05649419218585,0.797958465329109,0.874428018303414,0.391939457937346,0.793382611756423,0.425202393523407,0.425202393523407,0.425202393523407,0.421770503343893,0.731256599788806,0.869940161914818,1.14396938945267,0.335621260119676,0.429602252727912,0.425202393523407,0.439193945793734,0.461105244632172,0.414642731432594,0.538894755367828,0.499120028159099,0.325149595212953,0.538894755367828,0.425202393523407,0.339669130587821,0.533790918690601,0.295406546990496,0.0707497360084475,0.43541006687786,0.372140091517071,0.566173882435762,0.763023583245336,0.598732840549102,0.116596268919394,0.268391411474833,0.709081309398099,0.454417458641323,0.642731432594157,0.228440689897923,0.154787046814502
HEB_10_114,0.18532206969377,0.325237592397043,0.420714537134811,0.360348468848996,0.751143963393171,0.28238296374516,0.654171066525871,0.594156986976416,0.522175290390707,0.504135867652235,0.66930658218937,0.702569517775431,0.578845476944737,0.66930658218937,0.751143963393171,0.751143963393171,0.751143963393171,0.751143963393171,0.547870468145019,0.363692361844421,0.389651531151003,0.751143963393171,0.751143963393171,0.751143963393171,0.751143963393171,0.751143963393171,0.751143963393171,0.751143963393171,0.688225976768743,0.526751143963393,0.751143963393171,0.430658218936994,0.430658218936994,0.535198873636043,0.584917282646955,0.5,0.309046110524463,0.335621260119676,0.310718057022175,0.683826117564238,0.359028511087645,0.423794438577965,0.418954593453009,0.4439457937346,0.751143963393171,0.430482224568813,0.335621260119676,0.656107004575853,0.335621260119676,0.656107004575853,0.335621260119676,0.751143963393171,0.335621260119676,0.858676522351284,0.52428722280887,0.403027103132699,0.52428722280887,0.751143963393171,0.611140443505807,0.751143963393171,0.296374516015487,0.423354452657515,0.672122492080253,0.303502287926786,0.650123196057726,0.787486800422386,0.75827173530447,0.75827173530447,0.780359028511087,0.787486800422386,0.77455121436114,0.345388947553678,0.526839141147483,0.672034494896163,0.714361140443505,0.312126011967617,0.639387539598732,0.657426962337205,0.937873988032383,0.434706089405139,0.335357268567405,0.368708201337557,0.543118620204153,0.176082365364308,0.263815557902147,0.401267159450897,0.751143963393171,0.751143963393171,0.751143963393171,0.75827173530447,0.550334389299542,0.477824709609292,0.335621260119676,1.07795707868907,0.76610348468849,0.751143963393171,0.691217881027807,0.787046814501935,0.909538894755368,0.695881731784582,0.656107004575853,0.7989264343541,0.695881731784582,0.751143963393171,0.623372052094333,0.690777895107356,0.695265751495952,0.713481168602604,0.486800422386483,0.708641323477648,0.533086941217881,0.708817317845828,0.438929954241464,0.843804998240056,0.784406898979232,0.528159098908835,0.717001055966209,0.504047870468145,0.807814149947201,0.829197465681098
HEB_10_115,0.70168954593453,0.440337909186906,0.768127419922562,0.390971488912354,0.507215769095389,0.524199225624779,0.515839493136219,0.519183386131643,0.837909186906019,0.439721928898275,0.826645547342484,0.458641323477648,0.503871876099964,0.414818725800774,0.507215769095389,0.507215769095389,0.507215769095389,0.507215769095389,0.462337205209433,0.352076733544526,0.525871172122492,0.507215769095389,0.507215769095389,0.507215769095389,0.507215769095389,0.507215769095389,0.507215769095389,0.507215769095389,0.761087645195353,0.789686730024639,0.507215769095389,0.271207321365716,0.271207321365716,0.481344596972897,0.932330165434706,1.07972544878564,0.466385075677578,0.429602252727912,0.763727560718057,0.429338261175642,0.199577613516367,0.940161914818726,0.850844772967265,0.601284758887715,0.507215769095389,0.52446321717705,0.429602252727912,0.665610700457585,0.429602252727912,0.665610700457585,0.429602252727912,0.507215769095389,0.429602252727912,0.614748328053502,0.618268215417106,0.497008095740936,0.618268215417106,0.507215769095389,0.599524815205913,0.507215769095389,0.221400915170714,0.27446321717705,0.417634635691658,0.2179690249912,0.406195001759943,0.53299894403379,0.503783878915874,0.503783878915874,0.536430834213305,0.53299894403379,1.10084477296726,0.407690953889475,0.399067229848644,1.04056670186554,0.533790918690602,0.437785990848293,0.817845828933474,0.698609644491376,0.757303766279479,0.972192889827526,0.461017247448081,0.526047166490672,0.60542062653995,0.312302006335797,0.600668778599084,0.389651531151003,0.507215769095389,0.507215769095389,0.507215769095389,0.503783878915874,0.644315381907779,0.571805702217529,0.429602252727912,0.76610348468849,1.29995009149892,0.507215769095389,0.647923266455473,0.564237944385779,0.665610700457585,0.4519535374868,0.454417458641323,0.745072157690953,0.4519535374868,0.507215769095389,0.801830341429074,0.446849700809574,0.430218233016543,0.870820133755719,0.601900739176346,0.454153467089053,1.11281239000352,0.866156282998944,1.0186554030271,1.07506159802886,1.10014079549454,0.368708201337557,1.02217529039071,1.08377331925378,0.986272439281943,1.07101372756072
HEB_10_117,0.2749032030975,0.414818725800774,0.510295670538542,0.449929602252728,0.840725096796902,0.350844772967265,0.722632875747976,0.683738120380147,0.305526223160859,0.593717001055966,0.442097852868708,0.739352340725096,0.626187961985216,0.748328053502287,0.840725096796902,0.840725096796902,0.840725096796902,0.840725096796902,0.63745160154875,0.432154171066525,0.352516719464977,0.840725096796902,0.840725096796902,0.840725096796902,0.840725096796902,0.840725096796902,0.840725096796902,0.840725096796902,0.629971840901091,0.320661738824357,0.840725096796902,0.520239352340725,0.520239352340725,0.624780007039774,0.37882787750792,0.293910594860964,0.398627243928194,0.425202393523407,0.273583245336149,0.467177050334389,0.448609644491376,0.21770503343893,0.255103836677226,0.364572333685322,0.840725096796902,0.520063357972545,0.425202393523407,0.745688137979584,0.425202393523407,0.745688137979584,0.425202393523407,0.840725096796902,0.425202393523407,0.779303062302006,0.444913762759591,0.49260823653643,0.444913762759591,0.840725096796902,0.616244280183034,0.840725096796902,0.385955649419218,0.502375923970433,0.751143963393171,0.382523759239704,0.739704329461457,0.824269623372051,0.837293206617388,0.837293206617388,0.827701513551566,0.824269623372051,0.568461809222104,0.434970080957409,0.595300950369588,0.592661034846884,0.803942273847236,0.401707145371348,0.433298134459697,0.72588877155931,0.752903907074973,0.228616684266103,0.424938401971136,0.373812038014783,0.220872932066174,0.191745864132348,0.279479056670186,0.364132347764871,0.840725096796902,0.840725096796902,0.840725096796902,0.837293206617388,0.639915522703273,0.567405843013023,0.425202393523407,0.751143963393171,0.507215769095389,0.941939777075362,0.770239352340725,0.707673354452657,0.745688137979584,0.785462865188313,0.745688137979584,0.740672298486448,0.785462865188313,0.840725096796902,0.670714537134811,0.780359028511087,0.710929250263991,0.486272439281943,0.555262231608588,0.787662794790566,0.221400915170714,0.418250615980288,0.253959873284055,0.532118972192889,0.578317493840197,0.617740232312565,0.510911650827173,0.297958465329109,0.643963393171418,0.570309750087997
HEB_10_120,0.415610700457585,0.428810278071101,0.608764519535374,0.527279127067933,0.770239352340725,0.512671594508975,0.673266455473424,0.697729672650475,0.456793382611756,0.565469904963041,0.519447377683914,0.668866596268919,0.640179514255543,0.688401971136923,0.770239352340725,0.770239352340725,0.770239352340725,0.770239352340725,0.566965857092573,0.467265047518479,0.38762759591693,0.770239352340725,0.770239352340725,0.770239352340725,0.770239352340725,0.770239352340725,0.770239352340725,0.770239352340725,0.665082717353044,0.461369236184442,0.770239352340725,0.534230904611052,0.534230904611052,0.596532910946849,0.477296726504752,0.434618092221049,0.412618796198521,0.439193945793734,0.414290742696233,0.407250967969025,0.388683562126012,0.358412530799014,0.385251671946497,0.378563885955649,0.770239352340725,0.534054910242872,0.439193945793734,0.675202393523407,0.439193945793734,0.675202393523407,0.439193945793734,0.770239352340725,0.439193945793734,0.708817317845828,0.458905315029919,0.506599788806758,0.458905315029919,0.770239352340725,0.587997184090109,0.770239352340725,0.399947201689546,0.526927138331573,0.691217881027807,0.407074973600844,0.669218585005279,0.764343541006687,0.777367124252023,0.777367124252023,0.757215769095389,0.764343541006687,0.614132347764871,0.448961633227736,0.609292502639915,0.648891235480464,0.733456529391059,0.415698697641675,0.489528335093277,0.655403027103132,0.682418162618796,0.348204857444561,0.438929954241464,0.38780359028511,0.160946849700809,0.226856740584301,0.399067229848644,0.357004575853572,0.770239352340725,0.770239352340725,0.770239352340725,0.777367124252024,0.6539070749736,0.581397395283351,0.439193945793734,0.691217881027807,0.647923266455473,0.770239352340725,0.955115621360839,0.647747272087293,0.675202393523407,0.714977120732136,0.696321717705033,0.733544526575149,0.714977120732136,0.770239352340725,0.726944737768391,0.70987328405491,0.66156282998944,0.563621964097149,0.558694121788102,0.727736712425202,0.362108412530799,0.432242168250616,0.394667370644139,0.588349172826469,0.634547694473776,0.631731784582893,0.598820837733192,0.438665962689194,0.700193593804998,0.626539950721577
HEB_10_124,0.437521999296022,0.471840901091165,0.503959873284055,0.549190425906371,0.707673354452657,0.344508975712777,0.589581133403731,0.550686378035902,0.46814501935938,0.460665258711721,0.60471664906723,0.648539246744104,0.577613516367476,0.615276311158042,0.707673354452657,0.707673354452657,0.707673354452657,0.707673354452657,0.546638507567757,0.299102428722281,0.219464977120732,0.707673354452657,0.707673354452657,0.707673354452657,0.707673354452657,0.707673354452657,0.707673354452657,0.707673354452657,0.75035198873636,0.609996480112636,0.707673354452657,0.556142203449489,0.556142203449489,0.576205561422034,0.668162618796198,0.414290742696233,0.434530095036958,0.461105244632172,0.478440689897923,0.672034494896163,0.495072157690954,0.507039774727208,0.523319253783878,0.506071805702217,0.707673354452657,0.387011615628299,0.461105244632172,0.612636395635339,0.461105244632172,0.612636395635339,0.461105244632172,0.707673354452657,0.461105244632172,0.815205913410771,0.480816613868356,0.359556494192185,0.480816613868356,0.707673354452657,0.567669834565294,0.707673354452657,0.421858500527983,0.538278775079197,0.618092221048926,0.418426610348469,0.606652587117212,0.733456529391059,0.704241464273143,0.704241464273143,0.736888419570573,0.733456529391059,0.604364660330869,0.470872932066173,0.483368532206969,0.670802534318901,0.713129179866244,0.479848644843365,0.764871524111228,0.613956353396691,0.788806758183738,0.433474128827877,0.418602604716649,0.494192185850052,0.425730376627947,0.312126011967617,0.357620556142203,0.315557902147131,0.707673354452657,0.707673354452657,0.707673354452657,0.704241464273143,0.506863780359028,0.518831397395283,0.461105244632172,0.787046814501935,0.564237944385779,0.707673354452657,0.647747272087293,1.07609382798203,0.866068285814854,0.821365716297078,0.908306934178106,0.755455825413586,0.821365716297078,0.707673354452657,0.748856036606828,0.837381203801478,0.577877507919746,0.648891235480464,0.485568461809222,0.654611052446321,0.384019711369236,0.433034142907426,0.353220696937698,0.694737768391411,0.740936290038718,0.484688489968321,0.58905315029919,0.460577261527631,0.764343541006687,0.732928546286518
HEB_10_131,0.264343541006687,0.404259063709961,0.415258711721225,0.439369940161914,0.745688137979584,0.255807814149947,0.627595916930658,0.58870116156283,0.463921154523055,0.498680042238648,0.600492784230904,0.644315381907779,0.531151003167898,0.65329109468497,0.745688137979584,0.745688137979584,0.745688137979584,0.745688137979584,0.542414642731432,0.337117212249208,0.257479760647659,0.745688137979584,0.745688137979584,0.745688137979584,0.745688137979584,0.745688137979584,0.745688137979584,0.745688137979584,0.746128123900035,0.563533966913058,0.745688137979584,0.509679690249912,0.509679690249912,0.571981696585709,0.62170010559662,0.452305526223161,0.388067581837381,0.414642731432594,0.389739528335093,0.699489616332277,0.438049982400563,0.439457937346005,0.497976064765927,0.501847940865892,0.745688137979584,0.425026399155227,0.414642731432594,0.650651179162266,0.414642731432594,0.650651179162266,0.414642731432594,0.745688137979584,0.414642731432594,0.853220696937698,0.518831397395283,0.397571277719113,0.518831397395283,0.745688137979584,0.605684618092221,0.745688137979584,0.375395987328405,0.491816261879619,0.656107004575853,0.371964097148891,0.644667370644139,0.771471312917986,0.74225624780007,0.74225624780007,0.7749032030975,0.771471312917986,0.726856740584301,0.424410418866596,0.521383315733896,0.624340021119324,0.708905315029919,0.391147483280535,0.676170362548398,0.651971136923618,0.91129883843717,0.471488912354804,0.393259415698697,0.447729672650475,0.453185498064062,0.181186202041534,0.226680746216121,0.311334037310806,0.745688137979584,0.745688137979584,0.745688137979584,0.74225624780007,0.544878563885955,0.514607532558958,0.414642731432594,0.909538894755368,0.665610700457585,0.745688137979584,0.675202393523407,0.866068285814854,1.02179337880552,0.7749032030975,0.735128475888771,0.772351284758887,0.7749032030975,0.745688137979584,0.617916226680746,0.769799366420274,0.615892291446673,0.644667370644139,0.46022527279127,0.692625835973248,0.379795846532911,0.555526223160858,0.30675818373812,0.690513903555086,0.736712425202393,0.522703273495248,0.66930658218937,0.456353396691306,0.760119676170362,0.728704681450193
HEB_10_132,0.388595564941921,0.528511087645195,0.455033438929954,0.563621964097149,0.785462865188313,0.295582541358676,0.667370644139387,0.628475888771559,0.25026399155227,0.538454769447377,0.386835621260119,0.684090109116508,0.570925730376628,0.693065821893699,0.785462865188314,0.785462865188313,0.785462865188313,0.785462865188314,0.582189369940162,0.376891939457937,0.297254487856388,0.785462865188313,0.785462865188313,0.785462865188314,0.785462865188313,0.785462865188313,0.785462865188314,0.785462865188313,0.743664202745512,0.434354100668778,0.785462865188313,0.633931714185146,0.633931714185146,0.653995072157691,0.49252023935234,0.238648363252376,0.512319605772615,0.538894755367828,0.38727560718057,0.559750087997184,0.562302006335797,0.289158746920098,0.368796198521647,0.478264695529743,0.785462865188314,0.464801126363956,0.538894755367828,0.690425906370996,0.538894755367828,0.690425906370996,0.538894755367828,0.785462865188313,0.538894755367828,0.724040830693418,0.389651531151003,0.437346004927842,0.389651531151003,0.785462865188313,0.560982048574445,0.785462865188314,0.499648011263639,0.616068285814854,0.695881731784582,0.496216121084125,0.684442097852868,0.769007391763463,0.782030975008799,0.782030975008799,0.772439281942977,0.769007391763463,0.513199577613516,0.54866244280183,0.540038718760999,0.537398803238296,0.748680042238648,0.515399507215769,0.546990496304118,0.670626539950721,0.697641675466385,0.342309046110524,0.496392115452305,0.487504399859204,0.313445969728968,0.305438225976768,0.308694121788102,0.393347412882787,0.785462865188314,0.785462865188313,0.785462865188313,0.782030975008799,0.584653291094685,0.596620908130939,0.538894755367828,0.695881731784582,0.4519535374868,0.785462865188314,0.714977120732136,0.821365716297078,0.7749032030975,0.986125436699385,0.859380499824005,0.685410066877859,0.899155227032735,0.785462865188313,0.699929602252727,0.894051390355508,0.655667018655403,0.431010207673354,0.5,0.732400563181978,0.166138683562126,0.3629883843717,0.198697641675466,0.476856740584301,0.523055262231608,0.562478000703977,0.455649419218585,0.242696233720521,0.58870116156283,0.515047518479408
HEB_10_133,0.517775431186202,0.509855684618092,0.584213305174234,0.608324533614924,0.745688137979584,0.424762407602956,0.627595916930658,0.58870116156283,0.37944385779655,0.498680042238648,0.516015487504399,0.686554030271031,0.636747624076029,0.65329109468497,0.745688137979584,0.745688137979584,0.745688137979584,0.745688137979584,0.584653291094685,0.337117212249208,0.257479760647659,0.745688137979584,0.745688137979584,0.745688137979584,0.745688137979584,0.745688137979584,0.745688137979584,0.745688137979584,0.703889475536782,0.521295318549806,0.745688137979584,0.594156986976416,0.594156986976416,0.614220344948961,0.579461457233368,0.325589581133403,0.472544878563886,0.499120028159099,0.474216825061598,0.541094684970081,0.543646603308694,0.418338613164378,0.413498768039422,0.438489968321013,0.745688137979584,0.425026399155227,0.499120028159099,0.650651179162266,0.499120028159099,0.650651179162266,0.499120028159099,0.745688137979584,0.499120028159099,0.684266103484688,0.349876803942274,0.397571277719113,0.349876803942274,0.745688137979584,0.521207321365716,0.745688137979584,0.45987328405491,0.576293558606124,0.656107004575853,0.456441393875396,0.644667370644139,0.729232664554734,0.74225624780007,0.74225624780007,0.732664554734248,0.729232664554734,0.473424850404787,0.508887715593101,0.50026399155227,0.666578669482576,0.751143963393171,0.517863428370292,0.676170362548398,0.630851812741992,0.657866948257655,0.302534318901795,0.456617388243576,0.447729672650475,0.294790566701865,0.350140795494544,0.437873988032382,0.353572685674058,0.745688137979584,0.745688137979584,0.745688137979584,0.74225624780007,0.544878563885955,0.55684618092221,0.499120028159099,0.656107004575853,0.454417458641323,0.745688137979584,0.696321717705033,0.908306934178106,0.735128475888771,0.859380499824005,1.05373481949759,0.730112636395635,0.859380499824005,0.745688137979584,0.829109468497008,0.875395987328405,0.615892291446673,0.560190073917634,0.544702569517775,0.692625835973248,0.295318549806406,0.32321365716297,0.327877507919746,0.606036606828581,0.652235128475888,0.522703273495248,0.479232664554734,0.371876099964801,0.71788102780711,0.644227384723688
HEB_10_135,0.428282294966561,0.335885251671946,0.663674762407603,0.476592749032031,0.740672298486448,0.504223864836325,0.6859380499824,0.583685322069693,0.606740584301302,0.493664202745512,0.743312214009151,0.660418866596269,0.673970432946145,0.648275255191833,0.740672298486448,0.740672298486448,0.740672298486448,0.740672298486448,0.558518127419922,0.332101372756071,0.252463921154523,0.740672298486448,0.740672298486448,0.740672298486448,0.740672298486448,0.740672298486448,0.740672298486448,0.740672298486448,0.741112284406898,0.600756775783175,0.740672298486448,0.420186554030271,0.420186554030271,0.52472720872932,0.658922914466737,0.574005631819781,0.29857444561774,0.325149595212953,0.405843013023583,0.525519183386131,0.401355156634987,0.518919394579373,0.461281239000352,0.380675818373812,0.740672298486448,0.42001055966209,0.325149595212953,0.64563533966913,0.325149595212953,0.64563533966913,0.325149595212953,0.740672298486448,0.325149595212953,0.763727560718057,0.429338261175642,0.392555438225976,0.429338261175642,0.740672298486448,0.558430130235832,0.740672298486448,0.285902851108764,0.402323125659979,0.651091165082717,0.28247096092925,0.639651531151003,0.745336149243224,0.737240408306934,0.737240408306934,0.748768039422738,0.745336149243224,0.700721576909539,0.334917282646955,0.505807814149947,0.830517423442449,0.725008799718409,0.32277367124252,0.73451249560014,0.636395635339669,0.821805702217528,0.445353748680042,0.324885603660682,0.315997888067581,0.279215065117916,0.133931714185146,0.432858148539246,0.264079549454417,0.740672298486448,0.740672298486448,0.740672298486448,0.737240408306934,0.539862724392819,0.467353044702569,0.325149595212953,0.7989264343541,0.745072157690953,0.740672298486448,0.733544526575149,0.755455825413586,0.772351284758887,0.685410066877859,0.730112636395635,0.942339045084013,0.685410066877859,0.740672298486448,0.845212953185498,0.690865892291446,0.610876451953537,0.787486800422386,0.497448081661386,0.687609996480112,0.522615276311158,0.455473424850404,0.491816261879619,0.833333333333333,0.87953185498064,0.517687434002112,0.759327701513551,0.599172826469553,0.924058430130235,0.87152411122844
HEB_10_137,0.388595564941921,0.528511087645195,0.455033438929954,0.563621964097149,0.785462865188313,0.295582541358676,0.667370644139387,0.628475888771559,0.25026399155227,0.538454769447377,0.386835621260119,0.684090109116508,0.570925730376628,0.693065821893699,0.785462865188314,0.785462865188313,0.785462865188313,0.785462865188314,0.582189369940162,0.376891939457937,0.297254487856388,0.785462865188313,0.785462865188313,0.785462865188314,0.785462865188313,0.785462865188313,0.785462865188314,0.785462865188313,0.743664202745512,0.434354100668778,0.785462865188313,0.633931714185146,0.633931714185146,0.653995072157691,0.49252023935234,0.238648363252376,0.512319605772615,0.538894755367828,0.38727560718057,0.559750087997184,0.562302006335797,0.289158746920098,0.368796198521647,0.478264695529743,0.785462865188314,0.464801126363956,0.538894755367828,0.690425906370996,0.538894755367828,0.690425906370996,0.538894755367828,0.785462865188313,0.538894755367828,0.724040830693418,0.389651531151003,0.437346004927842,0.389651531151003,0.785462865188313,0.560982048574445,0.785462865188314,0.499648011263639,0.616068285814854,0.695881731784582,0.496216121084125,0.684442097852868,0.769007391763463,0.782030975008799,0.782030975008799,0.772439281942977,0.769007391763463,0.513199577613516,0.54866244280183,0.540038718760999,0.537398803238296,0.748680042238648,0.515399507215769,0.546990496304118,0.670626539950721,0.697641675466385,0.342309046110524,0.496392115452305,0.487504399859204,0.313445969728968,0.305438225976768,0.308694121788102,0.393347412882787,0.785462865188314,0.785462865188313,0.785462865188313,0.782030975008799,0.584653291094685,0.596620908130939,0.538894755367828,0.695881731784582,0.4519535374868,0.785462865188314,0.714977120732136,0.821365716297078,0.7749032030975,0.899155227032735,0.859380499824005,0.685410066877859,0.986125436699385,0.785462865188313,0.699929602252727,0.894051390355508,0.655667018655403,0.431010207673354,0.5,0.732400563181978,0.166138683562126,0.3629883843717,0.198697641675466,0.476856740584301,0.523055262231608,0.562478000703977,0.455649419218585,0.242696233720521,0.58870116156283,0.515047518479408
HEB_10_138,0.2749032030975,0.414818725800774,0.510295670538542,0.449929602252728,0.840725096796902,0.350844772967265,0.722632875747976,0.683738120380147,0.305526223160858,0.593717001055966,0.442097852868708,0.739352340725096,0.626187961985216,0.748328053502287,0.840725096796902,0.840725096796902,0.840725096796902,0.840725096796902,0.63745160154875,0.432154171066525,0.352516719464977,0.840725096796902,0.840725096796902,0.840725096796902,0.840725096796902,0.840725096796902,0.840725096796902,0.840725096796902,0.629971840901091,0.320661738824357,0.840725096796902,0.520239352340725,0.520239352340725,0.624780007039774,0.37882787750792,0.293910594860964,0.398627243928194,0.425202393523407,0.273583245336149,0.467177050334389,0.448609644491376,0.21770503343893,0.255103836677226,0.364572333685322,0.840725096796902,0.520063357972545,0.425202393523407,0.745688137979584,0.425202393523407,0.745688137979584,0.425202393523407,0.840725096796902,0.425202393523407,0.779303062302006,0.444913762759591,0.49260823653643,0.444913762759591,0.840725096796902,0.616244280183034,0.840725096796902,0.385955649419218,0.502375923970433,0.751143963393171,0.382523759239704,0.739704329461457,0.824269623372052,0.837293206617388,0.837293206617388,0.827701513551566,0.824269623372051,0.568461809222104,0.434970080957409,0.595300950369588,0.592661034846884,0.803942273847237,0.401707145371348,0.433298134459697,0.72588877155931,0.752903907074973,0.228616684266103,0.424938401971137,0.373812038014783,0.220872932066174,0.191745864132347,0.279479056670186,0.364132347764871,0.840725096796902,0.840725096796902,0.840725096796902,0.837293206617388,0.639915522703273,0.567405843013023,0.425202393523407,0.751143963393171,0.507215769095389,0.840725096796902,0.770239352340725,0.707673354452657,0.745688137979584,0.785462865188313,0.745688137979584,0.740672298486448,0.785462865188313,0.941939777075362,0.670714537134811,0.780359028511087,0.710929250263991,0.486272439281943,0.555262231608588,0.787662794790566,0.221400915170714,0.418250615980288,0.253959873284055,0.53211897219289,0.578317493840197,0.617740232312565,0.510911650827173,0.297958465329109,0.643963393171418,0.570309750087997
HEB_10_139,0.738472368884195,0.37152411122844,0.889387539598732,0.617828229496656,0.670714537134811,0.729936642027455,0.679338261175642,0.513727560718057,0.726856740584301,0.423706441393875,0.86342837029215,0.611580429426258,0.751847940865892,0.578317493840197,0.670714537134811,0.670714537134811,0.670714537134811,0.670714537134811,0.509679690249912,0.262143611404435,0.182506159802886,0.670714537134811,0.670714537134811,0.670714537134811,0.670714537134811,0.670714537134811,0.670714537134811,0.670714537134811,0.882347764871524,0.784230904611052,0.670714537134811,0.434706089405139,0.434706089405139,0.497008095740936,0.842397043294614,0.673002463921154,0.313093980992608,0.339669130587821,0.568197817669834,0.434442097852868,0.468673002463921,0.70239352340725,0.570837733192537,0.36351636747624,0.670714537134811,0.350052798310454,0.339669130587821,0.575677578317494,0.339669130587821,0.575677578317493,0.339669130587821,0.670714537134811,0.339669130587821,0.609292502639915,0.274903203097501,0.32259767687434,0.274903203097501,0.670714537134811,0.446233720520943,0.670714537134811,0.300422386483632,0.416842661034846,0.58113340373108,0.296990496304118,0.569693769799366,0.654259063709961,0.667282646955297,0.667282646955297,0.657690953889475,0.654259063709961,0.630763815557902,0.349436818021823,0.425290390707497,1.01399155227033,0.676170362548398,0.358412530799014,0.939105948609644,0.555878211897219,0.667370644139387,0.565469904963041,0.318285814853924,0.288278775079197,0.188137979584653,0.190689897923266,0.700809574093629,0.236360436466033,0.670714537134811,0.670714537134811,0.670714537134811,0.667282646955297,0.469904963041182,0.439633931714185,0.339669130587821,0.623372052094333,0.801830341429074,0.670714537134811,0.726944737768391,0.748856036606828,0.617916226680746,0.699929602252727,0.829109468497008,0.845212953185498,0.699929602252727,0.670714537134811,1.16393278988521,0.715945089757127,0.5409186906019,0.907602956705385,0.469728968673002,0.617652235128475,0.642731432594157,0.29047870468145,0.654171066525871,0.953449489616332,0.999648011263639,0.447729672650475,0.826645547342484,0.719288982752552,1.06529391059486,0.991640267511439
HEB_10_140,0.404611052446321,0.523407250967969,0.471048926434354,0.569077789510735,0.780359028511087,0.311598028863076,0.662266807462161,0.623372052094333,0.26627947905667,0.533350932770151,0.402851108764519,0.700105596620908,0.586941217881027,0.687961985216473,0.780359028511087,0.780359028511087,0.780359028511087,0.780359028511087,0.598204857444561,0.371788102780711,0.292150651179162,0.780359028511087,0.780359028511087,0.780359028511087,0.780359028511087,0.780359028511087,0.780359028511087,0.780359028511087,0.738560366068285,0.429250263991552,0.780359028511087,0.628827877507919,0.628827877507919,0.648891235480464,0.487416402675114,0.233544526575149,0.507215769095389,0.533790918690601,0.382171770503343,0.565205913410771,0.557198169658571,0.305174234424498,0.374252023935234,0.473160858852516,0.780359028511087,0.45969728968673,0.533790918690601,0.685322069693769,0.533790918690601,0.685322069693769,0.533790918690602,0.780359028511087,0.533790918690601,0.718936994016191,0.384547694473777,0.432242168250616,0.384547694473777,0.780359028511087,0.555878211897219,0.780359028511087,0.494544174586413,0.610964449137627,0.690777895107356,0.491112284406899,0.679338261175642,0.763903555086237,0.776927138331573,0.776927138331573,0.767335445265751,0.763903555086237,0.50809574093629,0.543558606124604,0.534934882083773,0.553414290742696,0.754135867652235,0.531414994720169,0.563005983808518,0.665522703273495,0.692537838789158,0.337205209433298,0.491288278775079,0.482400563181978,0.318901795142555,0.321453713481168,0.324709609292502,0.388243576205561,0.780359028511087,0.780359028511087,0.780359028511087,0.776927138331573,0.579549454417458,0.591517071453713,0.533790918690602,0.690777895107356,0.446849700809574,0.780359028511087,0.70987328405491,0.837381203801478,0.769799366420274,0.894051390355508,0.875395987328405,0.690865892291446,0.894051390355508,0.780359028511087,0.715945089757127,0.986391615371819,0.650563181978176,0.447025695177754,0.505455825413586,0.727296726504751,0.182154171066526,0.357884547694473,0.214713129179866,0.492872228088701,0.539070749736008,0.557374164026751,0.450545582541358,0.258711721224921,0.60471664906723,0.531063005983808
HEB_10_141,0.14510735656459,0.285022879267863,0.380499824005631,0.320133755719817,0.710929250263991,0.68567405843013,1.03634283702921,0.553942273847236,0.429162266807462,0.54839845124956,1.15707497360084,0.936906019007391,0.961017247448081,1.10427666314678,0.710929250263991,0.710929250263991,0.710929250263991,0.710929250263991,0.845564941921858,0.851460753255896,1.299806406195,0.710929250263991,0.710929250263991,0.710929250263991,0.710929250263991,0.710929250263991,0.710929250263991,0.710929250263991,0.50017599436818,0.190865892291447,0.710929250263991,0.390443505807814,0.390443505807814,0.494984160506863,0.249032030975008,0.164114748328053,0.268831397395283,0.295406546990496,0.143787398803238,0.590813093980992,0.361052446321717,0.0879091869060191,0.125307990144315,0.234776487152411,0.710929250263991,0.390267511439634,0.295406546990496,0.615892291446673,0.295406546990496,0.615892291446673,0.295406546990496,0.710929250263991,0.295406546990496,0.649507215769095,0.31511791622668,0.36281239000352,0.31511791622668,0.710929250263991,0.486448433650123,0.710929250263991,0.425114396339317,0.393699401619148,0.748064061950017,0.442801830341429,0.778863076381555,0.715593101020767,0.728616684266103,0.728616684266103,0.697905667018655,0.715593101020767,0.438665962689193,0.305174234424498,0.465505103836677,0.462865188313974,0.674146427314326,0.271911298838437,0.303502287926786,0.596092925026399,0.623108060542062,0.0988208377331925,0.295142555438226,0.244016191481872,0.893611404435058,0.853924674410419,1.2162090813094,1.03687082013376,0.710929250263991,0.710929250263991,0.710929250263991,0.728616684266103,0.510119676170362,0.437609996480112,0.295406546990496,0.695265751495952,0.430218233016543,0.710929250263991,0.66156282998944,0.577877507919746,0.615892291446673,0.655667018655403,0.615892291446673,0.610876451953537,0.655667018655403,0.710929250263991,0.5409186906019,0.650563181978176,1.55215438363001,1.37020415346709,1.41807462161211,0.678986272439282,0.746304118268215,0.394051390355508,0.778863076381555,1.05702217529039,0.448521647307286,0.593541006687786,0.381115804294262,0.168162618796198,0.514167546638507,0.725624780007039
HEB_10_142,0.596268919394579,0.102604716649067,0.831661386835621,0.412266807462161,0.486272439281943,1.15795494544175,0.959521295318549,0.329285462865188,1.21823301654347,0.408218936994016,1.94614572333685,0.870644139387539,1.15874692009856,0.900739176346356,0.486272439281943,0.486272439281943,0.486272439281943,0.486272439281943,0.832101372756071,0.626803942273847,0.969552974304822,0.486272439281943,0.486272439281943,0.486272439281943,0.486272439281943,0.486272439281943,0.486272439281943,0.486272439281943,0.740144315381907,0.768743400211194,0.486272439281943,0.165786694825765,0.165786694825765,0.270327349524815,0.826909538894756,0.7419922562478,0.0441745864132349,0.0707497360084477,0.425994368180218,0.851900739176346,0.410946849700809,0.792502639915523,0.597588877155931,0.24243224216825,0.486272439281943,0.165610700457585,0.0707497360084477,0.391235480464625,0.0707497360084477,0.391235480464625,0.0707497360084477,0.486272439281943,0.0707497360084477,0.593804998240056,0.259415698697641,0.138155579021471,0.259415698697641,0.486272439281943,0.346268919394579,0.486272439281943,0.284934882083773,0.211281239000352,0.607884547694473,0.302622316085885,0.638683562126012,0.533174938401971,0.503959873284054,0.503959873284054,0.515487504399859,0.533174938401971,0.699753607884547,0.0805174234424499,0.261967617036255,0.956265399507216,0.491728264695529,0.089493136219641,0.923618444209786,0.392555438225976,0.736360436466033,0.549982400563182,0.0704857444561775,0.103836677226329,0.943505807814149,0.829901443153819,1.65681098204857,0.727736712425202,0.486272439281943,0.486272439281943,0.486272439281943,0.503959873284054,0.285462865188314,0.212953185498064,0.0707497360084477,0.713481168602604,0.870820133755719,0.486272439281943,0.563621964097149,0.648891235480464,0.644667370644139,0.431010207673354,0.560190073917634,0.787486800422386,0.431010207673354,0.486272439281943,0.907602956705385,0.447025695177754,1.37020415346709,1.93904508401264,1.34125307990144,0.454329461457233,1.26082365364308,0.338349172826469,1.16666666666667,1.57154171066526,1.06863780359029,0.368884195705737,0.895635339669131,0.788278775079198,1.09204505455825,1.29294262583597
HEB_10_150,0.41182682154171,0.43558606124604,0.499384019711369,0.280623020063358,0.555262231608588,0.688401971136923,0.880675818373812,0.524991200281591,0.569165786694825,0.582805350228792,1.1281239000352,0.791798662442802,0.87926786342837,0.948609644491376,0.555262231608588,0.555262231608588,0.555262231608588,0.555262231608588,0.964449137627595,0.885867652235128,1.46092925026399,0.555262231608588,0.555262231608588,0.555262231608588,0.555262231608588,0.555262231608588,0.555262231608588,0.555262231608588,0.344508975712777,0.140795494544174,0.555262231608588,0.277015135515663,0.277015135515663,0.50827173530447,0.304558254135867,0.494192185850052,0.535550862372404,0.43541006687786,0.473864836325237,0.487944385779655,0.25818373812038,0.354628651883139,0.328669482576557,0.374780007039774,0.555262231608588,0.530271031326997,0.43541006687786,0.713657162970785,0.43541006687786,0.713657162970785,0.43541006687786,0.555262231608588,0.43541006687786,0.493840197113692,0.455121436114044,0.502815909890883,0.455121436114044,0.555262231608588,0.60533262935586,0.555262231608588,0.396163322773671,0.301390355508623,0.592397043294614,0.413850756775783,0.623196057726152,0.559926082365364,0.5729496656107,0.5729496656107,0.542238648363252,0.559926082365364,0.705385427666314,0.445177754311862,0.415434706089405,0.581749384019711,0.666314677930306,0.496392115452305,0.232312565997888,0.757215769095389,0.467441041886659,0.365540302710313,0.498504047870468,0.510735656458993,1.04417458641323,1.15232312565998,1.32453361492432,1.07127771911299,0.555262231608588,0.555262231608588,0.555262231608588,0.5729496656107,0.650123196057726,0.577613516367476,0.43541006687786,0.486800422386483,0.601900739176346,0.555262231608588,0.558694121788102,0.485568461809222,0.46022527279127,0.5,0.544702569517775,0.497448081661386,0.5,0.555262231608588,0.469728968673002,0.505455825413586,1.41807462161211,1.34125307990144,1.62814839460988,0.523319253783878,0.991904259063709,0.555174234424498,1.02446321717705,0.985832453361492,0.546286518831397,0.480112636395635,0.383843717001056,0.519359380499823,0.442977824709609,0.728352692713833
HEB_10_155,0.221840901091165,0.361756423794438,0.457233368532207,0.396867300246392,0.787662794790566,0.656810982048574,0.796286518831397,0.630675818373812,0.389739528335093,0.878563885955649,0.748064061950017,0.813005983808518,0.932154171066525,0.874780007039774,0.787662794790566,0.787662794790566,0.787662794790566,0.787662794790566,0.922298486448433,0.738120380147835,0.447289686730024,0.787662794790566,0.787662794790566,0.787662794790566,0.787662794790566,0.787662794790566,0.787662794790566,0.787662794790566,0.576909538894755,0.267599436818022,0.787662794790566,0.467177050334389,0.467177050334389,0.571717705033438,0.325765575501584,0.240848292854628,0.345564941921858,0.372140091517071,0.220520943329813,0.762583597324885,0.691217881027807,0.164642731432594,0.20204153467089,0.311510031678986,0.787662794790566,0.467001055966209,0.372140091517071,0.692625835973248,0.372140091517071,0.692625835973248,0.372140091517071,0.787662794790566,0.372140091517071,0.72624076029567,0.391851460753256,0.439545934530095,0.391851460753256,0.787662794790566,0.563181978176698,0.787662794790566,0.670802534318902,0.45987328405491,1.02543118620204,0.6779303062302,1.02455121436114,0.781766983456529,0.794790566701865,0.794790566701865,0.77463921154523,0.781766983456529,0.515399507215769,0.381907778951073,0.542238648363252,0.539598732840549,0.750879971840901,0.348644843365012,0.380235832453361,0.672826469552974,0.699841605068637,0.175554382259768,0.371876099964801,0.320749736008447,0.34732488560366,0.497712073213657,0.585445265751495,0.480024639211545,0.787662794790566,0.787662794790566,0.787662794790566,0.794790566701865,0.586853220696937,0.514343541006687,0.372140091517071,0.708641323477648,0.454153467089053,0.787662794790566,0.727736712425202,0.654611052446321,0.692625835973248,0.732400563181978,0.692625835973248,0.687609996480112,0.732400563181978,0.787662794790566,0.617652235128475,0.727296726504751,0.678986272439282,0.454329461457233,0.523319253783878,1.10923307270005,0.168338613164378,0.365188313973952,0.200897571277719,0.479056670186554,0.525255191833861,0.56467793030623,0.457849348820837,0.244896163322774,0.590901091165082,0.517247448081661
HEB_10_171,0.964977120732136,0.598028863076381,0.820221752903907,0.590901091165082,0.221400915170714,0.787486800422386,0.230024639211545,0.444561774023231,1.1645547342485,0.396779303062302,1.04769447377684,0.50017599436818,0.302534318901795,0.382435762055614,0.221400915170714,0.221400915170714,0.221400915170714,0.221400915170714,0.271559310102076,0.57312565997888,1.38049982400563,0.221400915170714,0.221400915170714,0.221400915170714,0.221400915170714,0.221400915170714,0.221400915170714,0.221400915170714,0.475272791270679,1.01073565645899,0.221400915170714,0.407778951073565,0.407778951073565,0.406722984864484,0.942185850052798,1.36413234776487,0.666314677930306,0.566173882435762,1.04813445969729,0.333597324885603,0.357268567405842,1.20344948961633,1.05077437521999,0.737856388595565,0.221400915170714,0.661034846884899,0.566173882435762,0.379795846532911,0.566173882435762,0.37979584653291,0.566173882435762,0.221400915170714,0.566173882435762,0.328933474128828,0.754839845124956,0.633579725448785,0.754839845124956,0.221400915170714,0.588261175642379,0.221400915170714,0.357972544878563,0.411034846884899,0.131819781766983,0.354540654699049,0.120380147835269,0.247184090109116,0.2179690249912,0.2179690249912,0.25061598028863,0.247184090109116,0.878387891587469,0.575941569869764,0.567317845828933,0.881467793030623,0.353572685674058,0.648275255191833,0.869940161914819,0.444473776839141,0.471488912354804,1.17212249208025,0.62926786342837,0.7259767687434,1.39669130587821,0.924058430130235,1.28634283702921,1.24428018303414,0.221400915170714,0.221400915170714,0.221400915170714,0.2179690249912,0.527455121436114,0.497184090109116,0.566173882435762,0.533086941217881,1.11281239000352,0.221400915170714,0.362108412530799,0.384019711369236,0.379795846532911,0.166138683562126,0.295318549806406,0.522615276311158,0.166138683562126,0.221400915170714,0.642731432594157,0.182154171066526,0.746304118268215,1.26082365364308,0.991904259063709,0.168338613164379,1.88980202961238,1.1716825061598,2,1.62346004927842,0.972720872932066,0.610876451953537,0.989792326645547,1.41041886659627,0.827173530447025,1.26038366772263
HEB_10_172,0.612724392819429,0.752639915522703,0.4679690249912,0.534318901795142,0.418250615980288,0.435234072509679,0.300158394931362,0.641411474832805,0.791182682154171,0.593629003871876,0.294174586413234,0.422474480816614,0.224832805350228,0.325853572685674,0.418250615980288,0.418250615980288,0.418250615980288,0.418250615980288,0.426170362548398,0.68549806406195,1.02824709609292,0.418250615980288,0.418250615980288,0.418250615980288,0.418250615980288,0.418250615980288,0.418250615980288,0.418250615980288,0.344772967265047,0.679602252727912,0.418250615980288,0.604628651883139,0.604628651883139,0.603572685674058,0.611052446321717,1.03299894403379,0.86316437873988,0.763023583245336,0.854276663146779,0.488208377331925,0.448521647307286,0.830077437521999,0.825237592397043,0.860788454769447,0.418250615980288,0.857884547694473,0.763023583245336,0.576645547342485,0.763023583245336,0.576645547342485,0.763023583245336,0.418250615980288,0.763023583245336,0.504663850756775,0.930570221752903,0.830429426258359,0.930570221752903,0.418250615980288,0.77455121436114,0.418250615980288,0.554822245688138,0.607884547694473,0.328669482576557,0.551390355508623,0.317229848644843,0.44403379091869,0.414818725800774,0.414818725800774,0.447465681098205,0.44403379091869,0.864044350580781,0.772791270679338,0.764167546638507,0.518655403027103,0.50818373812038,0.802886307638155,0.496568109820485,0.641323477648715,0.583861316437874,0.96770503343893,0.826117564237944,0.901707145371348,1.08667722632876,0.761879619852164,0.384987680394227,0.892027455121436,0.418250615980288,0.418250615980288,0.418250615980288,0.414818725800774,0.724304822245688,0.69403379091869,0.763023583245336,0.708817317845828,0.866156282998944,0.418250615980288,0.432242168250616,0.433034142907426,0.555526223160858,0.3629883843717,0.32321365716297,0.455473424850404,0.3629883843717,0.418250615980288,0.29047870468145,0.357884547694473,0.394051390355508,0.338349172826469,0.555174234424498,0.365188313973952,1.1716825061598,1.33308933621694,1.07752551918339,0.700985568461809,0.599348820837733,0.70212953185498,0.722016895459345,1.03704681450194,0.453801478352692,0.654699049630411
HEB_10_173,0.997536078845477,0.630587821189721,0.852780711017247,0.623460049278423,0.253959873284055,0.820045758535726,0.262583597324885,0.477120732136571,1.07039774727209,0.429338261175642,0.953537486800422,0.53273495248152,0.324533614924322,0.414994720168954,0.253959873284055,0.253959873284055,0.253959873284055,0.253959873284055,0.304118268215417,0.605684618092221,1.41305878211897,0.253959873284055,0.253959873284055,0.253959873284055,0.253959873284055,0.253959873284055,0.253959873284055,0.253959873284055,0.444473776839141,0.916578669482576,0.253959873284055,0.440337909186906,0.440337909186906,0.439281942977824,0.848028863076381,1.26997536078845,0.698873636043646,0.598732840549102,1.02789510735656,0.239440337909187,0.389827525519183,1.10929250263992,0.977736712425202,0.696497712073213,0.253959873284055,0.693593804998239,0.598732840549102,0.412354804646251,0.598732840549102,0.412354804646251,0.598732840549102,0.253959873284055,0.598732840549102,0.298134459697289,0.724040830693417,0.666138683562126,0.724040830693417,0.253959873284055,0.58914114748328,0.253959873284055,0.390531502991904,0.44359380499824,0.164378739880324,0.387099612812389,0.152939105948609,0.25862372404083,0.25052798310454,0.25052798310454,0.262055614220344,0.25862372404083,0.784230904611052,0.608500527983104,0.58931714185146,0.840109116508271,0.386131643787398,0.680834213305174,0.775783174938402,0.466473072861668,0.387891587469201,1.07796550510384,0.66182682154171,0.737416402675114,1.3025343189018,0.956617388243576,1.31890179514255,1.27683914114748,0.253959873284055,0.253959873284055,0.253959873284055,0.25052798310454,0.560014079549454,0.529743048222456,0.598732840549102,0.438929954241464,1.0186554030271,0.253959873284055,0.394667370644139,0.353220696937698,0.30675818373812,0.198697641675466,0.327877507919746,0.491816261879619,0.198697641675466,0.253959873284055,0.654171066525871,0.214713129179866,0.778863076381555,1.16666666666667,1.02446321717705,0.200897571277719,2,1.07752551918339,1.79530860089835,1.52930306230201,0.878563885955649,0.643435410066877,0.89563533966913,1.31626187961985,0.754135867652235,1.16622668074622
HEB_10_174,0.515399507215769,0.148451249560014,0.750791974656811,0.394755367828229,0.532118972192889,0.591341077085533,0.54074269623372,0.375131995776135,0.947289686730024,0.337909186906019,1.35841253079901,0.810894051390355,0.61325237592397,0.693153819077789,0.532118972192889,0.532118972192889,0.532118972192889,0.532118972192889,0.466121084125308,0.208025343189018,0.909802886307638,0.532118972192889,0.532118972192889,0.532118972192889,0.532118972192889,0.532118972192889,0.532118972192889,0.532118972192889,0.785990848292854,0.81458993312214,0.532118972192889,0.211633227736712,0.211633227736712,0.316173882435762,0.872756071805702,0.893435410066878,0.195617740232312,0.116596268919395,0.577437521999296,0.475360788454769,0.245600140795494,0.753871876099965,0.601196761703625,0.288278775079197,0.532118972192889,0.211457233368532,0.116596268919395,0.437082013375572,0.116596268919395,0.437082013375572,0.116596268919395,0.532118972192889,0.116596268919395,0.639651531151003,0.305262231608588,0.184002111932418,0.305262231608588,0.532118972192889,0.497712073213657,0.532118972192889,0.077349524815206,0.19376979936642,0.442537838789159,0.0739176346356917,0.431098204857444,0.557902147131291,0.528687082013375,0.528687082013375,0.561334037310806,0.557902147131291,0.851196761703625,0.179162266807462,0.360612460401267,1.00211193241816,0.643171418514607,0.188137979584653,0.969464977120732,0.491200281590989,0.782206969376979,0.701425554382259,0.16913058782119,0.255279831045406,1.01047166490672,0.453361492432242,1.22747272087293,0.921418514607533,0.532118972192889,0.532118972192889,0.532118972192889,0.528687082013375,0.33130939809926,0.258799718409011,0.116596268919395,0.843804998240056,1.07506159802886,0.532118972192889,0.588349172826469,0.694737768391411,0.690513903555086,0.476856740584301,0.606036606828581,0.833333333333333,0.476856740584301,0.532118972192889,0.953449489616332,0.492872228088701,1.05702217529039,1.57154171066526,0.985832453361492,0.479056670186554,1.62346004927842,0.700985568461809,1.52930306230201,1.76083846281817,1.1672826469553,0.414730728616684,0.941481872580077,0.939721928898276,1.1378915874692,1.54998240056318
HEB_10_175,0.667194649771207,0.300246392115452,0.849788806758183,0.440953889475536,0.578317493840197,0.63753959873284,0.586941217881027,0.442449841605069,0.951249560014079,0.415786694825765,1.02446321717705,0.519183386131643,0.659450897571277,0.485920450545582,0.578317493840197,0.578317493840197,0.578317493840197,0.578317493840197,0.522879267863428,0.233104540654699,0.259063709961281,0.578317493840197,0.578317493840197,0.578317493840197,0.578317493840197,0.578317493840197,0.578317493840197,0.578317493840197,0.832189369940161,0.860788454769447,0.578317493840197,0.257831749384019,0.257831749384019,0.415170714537135,0.971752903907075,1.00299190425906,0.305174234424498,0.268391411474833,0.686994016191481,0.521559310102076,0.291798662442801,0.905667018655403,0.752991904259063,0.440073917634635,0.578317493840197,0.36325237592397,0.268391411474833,0.58887715593101,0.268391411474833,0.58887715593101,0.268391411474833,0.578317493840197,0.268391411474833,0.68585005279831,0.457057374164026,0.335797254487856,0.457057374164026,0.578317493840197,0.554470256951777,0.578317493840197,0.14466737064414,0.25052798310454,0.488736360436466,0.141235480464625,0.477296726504752,0.604100668778599,0.574885603660683,0.574885603660683,0.607532558958113,0.604100668778599,0.960753255895811,0.278159098908835,0.385691657866948,1.12222808870116,0.647131291798662,0.318813797958465,1.01566349876804,0.621876099964801,0.828405491024287,0.810982048574445,0.299806406195001,0.364836325237592,0.44420978528687,0.182770151355156,0.650651179162266,0.21788102780711,0.578317493840197,0.578317493840197,0.578317493840197,0.574885603660682,0.483104540654699,0.410594860964449,0.268391411474833,0.784406898979232,1.10014079549454,0.578317493840197,0.634547694473776,0.740936290038718,0.736712425202393,0.523055262231608,0.652235128475888,0.87953185498064,0.523055262231608,0.578317493840197,0.999648011263639,0.539070749736008,0.448521647307286,1.06863780359028,0.546286518831397,0.525255191833861,0.972720872932066,0.599348820837733,0.878563885955649,1.1672826469553,1.24777907170188,0.35533262935586,1.04047870468145,1.04927842309046,1.18409010911651,1.21603308694122
HEB_10_176,0.558782118972193,0.698697641675466,0.54074269623372,0.733808518127419,0.617740232312565,0.634723688841957,0.499648011263639,0.756423794438577,0.58940513903555,0.624164026751144,0.324709609292502,0.548046462513199,0.40320309750088,0.578141499472017,0.617740232312566,0.617740232312565,0.617740232312565,0.617740232312566,0.414466737064414,0.75827173530447,0.7419922562478,0.617740232312565,0.617740232312565,0.617740232312566,0.617740232312565,0.617740232312565,0.617740232312566,0.617740232312565,0.406986976416754,0.604540654699049,0.617740232312565,0.804118268215416,0.804118268215417,0.655227032734952,0.409274903203097,0.577789510735656,0.682506159802886,0.709081309398099,0.557462161210841,0.413146779303062,0.648011263639563,0.501583949313622,0.538982752551918,0.648451249560014,0.617740232312566,0.803942273847236,0.709081309398099,0.522703273495248,0.709081309398099,0.522703273495248,0.709081309398099,0.617740232312565,0.709081309398099,0.556318197817669,0.728792678634283,0.776487152411122,0.728792678634284,0.617740232312565,0.646691305878211,0.617740232312566,0.66983456529391,0.786254839845124,0.528159098908835,0.666402675114396,0.51671946497712,0.601284758887715,0.614308342133051,0.614308342133051,0.60471664906723,0.601284758887715,0.408834917282646,0.718848996832101,0.87917986624428,0.369676170362548,0.5809574093629,0.68558606124604,0.421506511791622,0.502903907074973,0.529919042590637,0.512495600140795,0.708817317845828,0.657690953889475,0.483632523759239,0.528423090461105,0.415522703273495,0.711369236184442,0.617740232312566,0.617740232312565,0.617740232312565,0.614308342133051,0.670362548398451,0.640091517071453,0.709081309398099,0.528159098908835,0.368708201337557,0.617740232312566,0.631731784582893,0.484688489968321,0.522703273495248,0.562478000703977,0.522703273495248,0.517687434002112,0.562478000703977,0.617740232312565,0.447729672650475,0.557374164026751,0.593541006687786,0.368884195705737,0.480112636395635,0.56467793030623,0.610876451953537,0.70212953185498,0.643435410066877,0.414730728616684,0.35533262935586,1.0279154882715,0.541358676522351,0.581837381203801,0.420978528687082,0.389563533966913
HEB_10_182,0.747624076029567,0.47571277719113,0.803502287926786,0.574181626187962,0.510911650827173,0.7179690249912,0.519535374868004,0.522879267863428,0.968321013727561,0.44341781063006,0.851460753255895,0.409538894755367,0.518127419922562,0.418514607532559,0.510911650827173,0.510911650827173,0.510911650827173,0.510911650827173,0.360436466033087,0.419130587821189,0.381731784582893,0.510911650827173,0.510911650827173,0.510911650827173,0.510911650827173,0.510911650827173,0.510911650827173,0.510911650827173,0.764783526927138,0.983456529391059,0.510911650827173,0.44385779655051,0.44385779655051,0.474480816613868,0.96770503343893,1.0623020063358,0.42784230904611,0.454417458641323,0.746304118268215,0.517511439633931,0.425026399155227,0.986096444913762,0.886219640971489,0.626099964801126,0.510911650827173,0.549278423090461,0.454417458641323,0.521471312917986,0.454417458641323,0.521471312917986,0.454417458641323,0.510911650827173,0.454417458641323,0.618444209785286,0.643083421330517,0.521823301654347,0.643083421330517,0.510911650827173,0.550422386483632,0.510911650827173,0.33069341781063,0.436554030271031,0.421330517423442,0.327261527631116,0.409890883491728,0.536694825765575,0.507479760647659,0.507479760647659,0.540126715945089,0.536694825765575,0.861668426610348,0.432506159802886,0.540038718760999,0.949225624780007,0.484688489968321,0.430922210489264,0.948257655755016,0.522791270679338,0.760999648011263,0.933650123196057,0.454153467089053,0.487504399859204,0.503519887363604,0.24208025343189,0.57268567405843,0.319429778247096,0.510911650827173,0.510911650827173,0.510911650827173,0.507479760647659,0.542414642731432,0.491024287222809,0.454417458641323,0.717001055966209,1.02217529039071,0.510911650827173,0.598820837733192,0.58905315029919,0.66930658218937,0.455649419218585,0.479232664554734,0.759327701513551,0.455649419218585,0.510911650827173,0.826645547342484,0.450545582541358,0.381115804294262,0.89563533966913,0.383843717001056,0.457849348820837,0.989792326645547,0.722016895459345,0.89563533966913,0.941481872580077,1.04047870468145,0.541358676522351,1.11389119946764,1.06634987680394,1.01108764519535,0.979672650475184
HEB_10_184,1.04153467089053,0.674586413234776,0.896779303062302,0.667458641323477,0.297958465329109,0.864044350580781,0.30658218936994,0.521119324181626,1.2411122844069,0.473336853220697,0.744104188665963,0.238824357620556,0.37909186906019,0.205561422034495,0.297958465329109,0.297958465329109,0.297958465329109,0.297958465329109,0.348116860260471,0.565205913410771,0.696761703625484,0.297958465329109,0.297958465329109,0.297958465329109,0.297958465329109,0.297958465329109,0.297958465329109,0.297958465329109,0.551830341429074,1.08729320661739,0.297958465329109,0.48433650123196,0.48433650123196,0.483280535022879,1.01874340021119,1.44068989792327,0.742872228088701,0.642731432594157,1.12469200985568,0.410154875043998,0.433826117564237,1.28000703977473,1.12733192537839,0.814413938753959,0.297958465329109,0.737592397043294,0.642731432594157,0.456353396691306,0.642731432594157,0.456353396691306,0.642731432594157,0.297958465329109,0.642731432594157,0.405491024287223,0.83139739528335,0.71013727560718,0.831397395283351,0.297958465329109,0.664818725800774,0.297958465329109,0.434530095036958,0.487592397043294,0.208377331925378,0.431098204857444,0.196937697993664,0.323741640267511,0.294526575149595,0.294526575149595,0.327173530447025,0.323741640267511,0.954945441745864,0.652499120028159,0.643875395987328,0.958025343189018,0.430130235832453,0.724832805350228,0.946497712073213,0.521031326997536,0.548046462513199,1.24868004223865,0.705825413586765,0.802534318901794,0.797430482224568,0.620468145019359,0.708201337557197,0.560542062653995,0.297958465329109,0.297958465329109,0.297958465329109,0.294526575149595,0.604012671594509,0.573741640267511,0.642731432594157,0.504047870468145,1.08377331925378,0.297958465329109,0.438665962689194,0.460577261527631,0.456353396691306,0.242696233720521,0.371876099964801,0.599172826469553,0.242696233720521,0.297958465329109,0.719288982752552,0.258711721224921,0.168162618796198,0.788278775079197,0.519359380499823,0.244896163322774,1.41041886659627,1.03704681450194,1.31626187961985,0.939721928898275,1.04927842309046,0.581837381203801,1.06634987680394,1.43064381966395,0.90373108060542,0.999032030975008
HEB_10_187,0.627243928194298,0.260295670538542,0.862636395635339,0.506599788806758,0.643963393171418,0.703185498064062,0.652587117212249,0.486976416754664,0.91129883843717,0.396955297430482,1.04787046814502,0.584829285462865,0.725096796902499,0.551566349876803,0.643963393171418,0.643963393171418,0.643963393171418,0.643963393171418,0.482928546286519,0.235392467441042,0.155755015839493,0.643963393171418,0.643963393171418,0.643963393171418,0.643963393171418,0.643963393171418,0.643963393171418,0.643963393171418,0.876715945089757,0.884195705737416,0.643963393171418,0.323477648715241,0.323477648715241,0.42801830341429,0.942361844420978,0.857444561774023,0.20186554030271,0.228440689897923,0.562565997888067,0.544966561070045,0.357444561774023,0.823477648715241,0.670802534318901,0.357884547694473,0.643963393171418,0.323301654347061,0.228440689897923,0.5489264343541,0.228440689897923,0.5489264343541,0.228440689897923,0.643963393171418,0.228440689897923,0.709257303766279,0.374868004223864,0.295846532910947,0.374868004223864,0.643963393171418,0.482840549102428,0.643963393171418,0.189193945793735,0.305614220344949,0.554382259767687,0.18576205561422,0.542942625835973,0.627507919746568,0.640531502991904,0.640531502991904,0.630939809926082,0.627507919746568,0.815205913410771,0.238208377331925,0.398539246744104,1.09283702921506,0.649419218585005,0.247184090109116,1.03907074973601,0.529127067933826,0.851812741992256,0.665434706089405,0.228176698345653,0.219288982752552,0.29866244280183,0.0794614572333684,0.631819781766983,0.167370644139388,0.643963393171418,0.643963393171418,0.643963393171418,0.640531502991904,0.443153819077789,0.370644139387539,0.228440689897923,0.807814149947201,0.986272439281943,0.643963393171418,0.700193593804998,0.764343541006687,0.760119676170362,0.58870116156283,0.71788102780711,0.924058430130235,0.58870116156283,0.643963393171418,1.06529391059486,0.60471664906723,0.514167546638507,1.09204505455825,0.442977824709609,0.590901091165082,0.827173530447025,0.453801478352692,0.754135867652235,1.1378915874692,1.18409010911651,0.420978528687082,1.01108764519535,0.90373108060542,1.25123939444352,1.17608236536431
HEB_10_190,0.553590285110876,0.186642027455121,0.788982752551918,0.432946145723336,0.570309750087997,0.62953185498064,0.578933474128827,0.413322773671242,1.00659978880676,0.386659626891939,1.17485040478705,0.66957057374164,0.651443153819077,0.594068989792326,0.570309750087997,0.570309750087997,0.570309750087997,0.570309750087997,0.514871524111228,0.182858148539246,0.546726504751848,0.570309750087997,0.570309750087997,0.570309750087997,0.570309750087997,0.570309750087997,0.570309750087997,0.570309750087997,0.824181626187961,0.852780711017247,0.570309750087997,0.249824005631819,0.249824005631819,0.354364660330869,0.91094684970081,0.952745512143611,0.254927842309046,0.154787046814502,0.636747624076029,0.513551566349877,0.283790918690601,0.792062653995072,0.639387539598732,0.326469552974304,0.570309750087997,0.249648011263639,0.154787046814502,0.475272791270679,0.154787046814502,0.475272791270679,0.154787046814502,0.570309750087997,0.154787046814502,0.67784230904611,0.343453009503696,0.222192889827525,0.343453009503696,0.570309750087997,0.55702217529039,0.570309750087997,0.115540302710313,0.231960577261527,0.480728616684266,0.112108412530799,0.469288982752551,0.596092925026399,0.566877859908482,0.566877859908482,0.599524815205913,0.596092925026399,0.910506863780358,0.227912706793382,0.409362900387187,1.04030271031327,0.702481520591341,0.236888419570573,1.00765575501584,0.539950721576909,0.820397747272087,0.760735656458993,0.21788102780711,0.31458993312214,0.710753255895811,0.301478352692713,0.906634987680394,0.558342133051742,0.570309750087997,0.570309750087997,0.570309750087997,0.566877859908482,0.369500175994368,0.296990496304118,0.154787046814502,0.829197465681098,1.07101372756072,0.570309750087997,0.626539950721577,0.732928546286518,0.728704681450193,0.515047518479408,0.644227384723688,0.87152411122844,0.515047518479408,0.570309750087997,0.991640267511439,0.531063005983808,0.725624780007039,1.29294262583597,0.728352692713833,0.517247448081661,1.26038366772263,0.654699049630411,1.16622668074622,1.54998240056318,1.21603308694122,0.389563533966913,0.979672650475184,0.999032030975009,1.17608236536431,1.39537514556646
